date,name,count
2019-10-21,https://app.graphitedocs.com,10961
2019-10-21,https://xordrive.io,6522
2019-10-21,https://app.dmail.online,5380
2019-10-21,https://www.stealthy.im,3693
2019-10-21,https://app.recall.photos,3682
2019-10-21,https://blackhole.run,2917
2019-10-21,https://docs.arcaneoffice.com,1983
2019-10-21,https://app.travelstack.club,1830
2019-10-21,https://app.forms.id,1766
2019-10-21,https://app.sigle.io,1600
2019-10-21,https://dpage.io,1578
2019-10-21,https://landr.me,1501
2019-10-21,https://kit.st,1410
2019-10-21,https://app.afari.io,1385
2019-10-21,https://bitpatron.co,1378
2019-10-21,https://photos.arcaneoffice.com,1308
2019-10-21,https://airtext.xyz,1223
2019-10-21,https://envelop.app,1129
2019-10-21,https://app.dappywallet.com,1122
2019-10-21,https://bentensound.com,1034
2019-10-21,https://www.chat.hihermes.co,1006
2019-10-21,https://sheets.arcaneoffice.com,996
2019-10-21,https://app.decs.xyz,951
2019-10-21,https://arcanemaps.com,927
2019-10-21,https://paid.co,863
2019-10-21,https://app.misthos.io,862
2019-10-21,https://blockusign.co,860
2019-10-21,https://animalkingdoms.netlify.com,794
2019-10-21,https://blockslack.io,762
2019-10-21,https://chat.postly.co,712
2019-10-21,https://xorbrowser.com,708
2019-10-21,https://blockogram.com,704
2019-10-21,https://app.trovenow.com,669
2019-10-21,http://127.0.0.1:3000,645
2019-10-21,https://publishing.graphitedocs.com,627
2019-10-21,https://app.pden.xyz,606
2019-10-21,https://aodh.xyz,602
2019-10-21,https://debutapp.social,550
2019-10-21,https://simpleform.xyz,549
2019-10-21,https://blocksurvey.org,542
2019-10-21,https://sheety.app,507
2019-10-21,https://www.agorashops.net,504
2019-10-21,https://app.dclouds.online,502
2019-10-21,https://chat.openintents.org,501
2019-10-21,https://dapp.cryptocracy.io,474
2019-10-21,https://dphone.app,468
2019-10-21,https://justsnake.live,420
2019-10-21,https://safenotes.co,419
2019-10-21,https://codeplay.dev,380
2019-10-21,https://www.scannieapp.com,370
2019-10-21,https://humans.name,364
2019-10-21,https://bitcoin4photos.net,356
2019-10-21,https://trakkin.me,354
2019-10-21,https://properpass.top,336
2019-10-21,https://blockstackboard.org,327
2019-10-21,https://sad-beaver-fdf6b1.netlify.com,327
2019-10-21,https://www.locallightning.net,317
2019-10-21,https://radicle.art,311
2019-10-21,https://www.mindtalk.app,308
2019-10-21,https://cineflick.herokuapp.com,302
2019-10-21,https://cineflick.net,290
2019-10-21,https://agaze.co,260
2019-10-21,https://blkbreakout.herokuapp.com,250
2019-10-21,https://app.yobi.xyz,238
2019-10-21,https://latticenow.co,227
2019-10-21,https://mypodium.net,222
2019-10-21,https://oi-timesheet.com,219
2019-10-21,https://www.feed-app.net,217
2019-10-21,https://cal.openintents.org,214
2019-10-21,https://heywebby.app,210
2019-10-21,https://mapped.myasoedv.com,210
2019-10-21,https://cafe-society.news,205
2019-10-21,https://blocknote.xyz,204
2019-10-21,https://cryptoally.io,203
2019-10-21,https://banter.pub,198
2019-10-21,https://app.mylens.io,197
2019-10-21,https://testnet.misthos.io,195
2019-10-21,https://app.ezresize.tech,189
2019-10-21,https://decentus.com,187
2019-10-21,https://micasaestucasa.me,185
2019-10-21,https://web.composenotes.com,182
2019-10-21,https://remark.cryptocracy.io,182
2019-10-21,https://lannister.capital,181
2019-10-21,https://satshi.tv,177
2019-10-21,https://pgeon.com,175
2019-10-21,https://contact.mylens.io,173
2019-10-21,https://bitcamp.blockboardapp.com,173
2019-10-21,https://boto.photos,163
2019-10-21,https://app.blockcred.io,162
2019-10-21,https://ares.hankstoever.com,158
2019-10-21,https://fupio.com,157
2019-10-21,https://blocktrivia.co,156
2019-10-21,https://www.dmyblog.co,155
2019-10-21,https://blockdoc.me,155
2019-10-21,https://yournote.app,153
2019-10-21,https://peaceful-mirzakhani-b5f196.netlify.com,152
2019-10-21,https://app.magicspoon.xyz,149
2019-10-21,https://rtasks.app,149
2019-10-21,https://milacrm.com,143
2019-10-21,https://drelloapp.com,142
2019-10-21,https://app.gitix.org,139
2019-10-21,https://dfmapp.com,138
2019-10-21,https://detacts.ga,138
2019-10-21,https://concord.z19.web.core.windows.net,137
2019-10-21,https://www.sentify.org,136
2019-10-21,https://pdrive.co,132
2019-10-21,http://publik.ykliao.com,131
2019-10-21,https://www.xenoneditor.com,126
2019-10-21,https://securecalendar.online,125
2019-10-21,https://beta.springrole.com,120
2019-10-21,https://dappity.app,117
2019-10-21,https://earthdata.info,117
2019-10-21,https://lists.cabinet.app,116
2019-10-21,https://www.dhcs.live,116
2019-10-21,https://www.superchatbot.net,114
2019-10-21,https://getatomichabits.com,112
2019-10-21,https://publik.test-blockstack.com,112
2019-10-21,https://blockright.moochain.com,110
2019-10-21,https://dappcrosscheck.paradigma.global,110
2019-10-21,https://yourapp.com,108
2019-10-21,https://updoot.org,107
2019-10-21,https://denote.xyz,107
2019-10-21,https://block.lawli.io,103
2019-10-21,https://bitchat.mklm.xyz,101
2019-10-21,https://app-center.openintents.org,98
2019-10-21,https://pastebucket.io,97
2019-10-21,https://dbid.io,96
2019-10-21,https://www.notit.org,95
2019-10-21,https://mysterycommand.github.io,92
2019-10-21,https://friendlink.netlify.com,91
2019-10-21,https://prismreader.app,91
2019-10-21,https://animateit.online,91
2019-10-21,https://www.app.referenda.io,84
2019-10-21,https://compress.studio,83
2019-10-21,https://dcrypt.app,83
2019-10-21,https://cranky-mahavira-26bfea.netlify.com,83
2019-10-21,https://plaiv.com,82
2019-10-21,https://block.codelets.net,80
2019-10-21,http://fupio.com,80
2019-10-21,https://dapp.sportup.online,79
2019-10-21,https://app.mailr.email,79
2019-10-21,https://hodor-dapp.web.app,77
2019-10-21,https://huaren.news,72
2019-10-21,https://thepaise.com,72
2019-10-21,https://proofs.tech,72
2019-10-21,https://youthful-spence-bbda8a.netlify.com,71
2019-10-21,https://beta.huddle.group,70
2019-10-21,https://cryptolator.mklm.xyz,66
2019-10-21,https://photovault.online,65
2019-10-21,https://mysterycommand.com,62
2019-10-21,https://fervent-lovelace-879be0.netlify.com,61
2019-10-21,https://www.blockstackcasino.com,61
2019-10-21,https://chae.sh,59
2019-10-21,https://w3bcollections.com,59
2019-10-21,https://ourtopia.co,55
2019-10-21,https://verifybar.com,53
2019-10-21,https://timski.org:444,51
2019-10-21,https://dashboard.mylens.io,51
2019-10-21,https://app.simpleid.xyz,51
2019-10-21,https://lettermesh.com,50
2019-10-21,https://gekri.com,47
2019-10-21,https://fitstack.space,46
2019-10-21,https://invoice.x5engine.com,45
2019-10-21,https://tunzal.ml,45
2019-10-21,https://bitcionary.mklm.xyz,45
2019-10-21,https://dcast.site,44
2019-10-21,https://nyoos.mklm.xyz,43
2019-10-21,https://contact.mylens.io/,43
2019-10-21,https://relayable.io,42
2019-10-21,https://www.simpleid.xyz,42
2019-10-21,https://viewer.dadroit.com,39
2019-10-21,https://quizzical.mklm.xyz,38
2019-10-21,https://app.bcnet.io,37
2019-10-21,https://www.cabinetmaps.com,37
2019-10-21,https://blockx-socialapp.herokuapp.com,37
2019-10-21,https://cafe-society.netlify.com,36
2019-10-21,https://darchive.org,36
2019-10-21,https://shere-here.com,36
2019-10-21,https://stupefied-poincare-e5cfbc.netlify.com,36
2019-10-21,https://culinary.cabinetapps.com,35
2019-10-21,https://www.sendfriend.xyz,35
2019-10-21,http://app.graphitedocs.com,35
2019-10-21,https://aroundtheblock.jumpstartups.io,34
2019-10-21,https://trove-web.netlify.com,33
2019-10-21,https://app.benison.xyz,32
2019-10-21,https://dhcs.netlify.com,32
2019-10-21,https://friendly-hoover-6d2b94.netlify.com,32
2019-10-21,https://apistudio.dadroit.com,32
2019-10-21,https://serene-hamilton-56e88e.netlify.com,30
2019-10-21,http://127.0.0.1:8080,29
2019-10-21,https://www.web.stealthy.im,29
2019-10-21,https://socialli.st,29
2019-10-21,https://testnet.dmail.online,28
2019-10-21,http://127.0.0.1:3001,28
2019-10-21,https://pedantic-mahavira-f15d04.netlify.com,27
2019-10-21,https://www.bitutopian.com,27
2019-10-21,https://alpha.qulstamp.com,27
2019-10-21,https://wage.pm,26
2019-10-21,https://thedailyhabits.com,26
2019-10-21,https://xenon.netlify.com,25
2019-10-21,https://runkod.com,24
2019-10-21,https://www.jobsincrypto.tech,23
2019-10-21,https://linkpong.net,23
2019-10-21,https://matrix.openintents.org,22
2019-10-21,https://pocbp.azurewebsites.net,22
2019-10-21,http://185.85.16.242:8001,21
2019-10-21,https://focused-rosalind-344827.netlify.com,21
2019-10-21,https://marks.arcaneoffice.com,21
2019-10-21,https://blockstack.tokengazer.com,19
2019-10-21,https://priceless-raman-53e2a8.netlify.com,19
2019-10-21,https://demo.blockcred.io,18
2019-10-21,https://www.myblockspace.com,18
2019-10-21,https://staging.banter.pub,16
2019-10-21,https://gracious-franklin-84624c.netlify.com,16
2019-10-21,https://animal-kingdom-1.firebaseapp.com,15
2019-10-21,https://piklink.netlify.com,15
2019-10-21,https://mindtalk.app,15
2019-10-21,https://keeperprofiles.appspot.com,15
2019-10-21,https://planet.friedger.de,14
2019-10-21,https://wmtp.bitbucket.io,14
2019-10-21,https://tribe-chat.herokuapp.com,14
2019-10-21,https://staging.misthos.io,14
2019-10-21,https://www.foodrover.info,13
2019-10-21,https://zewail.blockcred.io,13
2019-10-21,https://flamboyant-darwin-d11c17.netlify.com,12
2019-10-21,https://blockchatapp.herokuapp.com,12
2019-10-21,https://beta.blocksurvey.org,12
2019-10-21,https://sketch.riot.ai,12
2019-10-21,https://payday.now.sh,12
2019-10-21,https://gallant-sinoussi-734e73.netlify.com,12
2019-10-21,https://www.keeperprofiles.com,12
2019-10-21,https://keeperprofiles.com,11
2019-10-21,https://kit.now.sh,11
2019-10-21,https://satshi.azurewebsites.net,11
2019-10-21,https://vocitblock.lusites.xyz,11
2019-10-21,http://awesome-northcutt-afeef6.netlify.com,11
2019-10-21,https://decentralised-islands.netlify.com,11
2019-10-21,https://5d534b712c809600083971c0--blissful-tesla-369353.netlify.com,11
2019-10-21,https://peepz.app,10
2019-10-21,https://staging-publishing.graphitedocs.com,9
2019-10-21,https://whenhub-blockstack-oauth.azurewebsites.net,9
2019-10-21,http://blockx-socialapp.herokuapp.com,9
2019-10-21,http://dcms.brightblock.org,9
2019-10-21,https://awesome-northcutt-afeef6.netlify.com,9
2019-10-21,https://dev.decs.xyz,9
2019-10-21,https://blockstack-auth.mylens.io,9
2019-10-21,https://app.fabledazzle.site,9
2019-10-21,https://18.222.91.187:8002,9
2019-10-21,https://pnotes.online,8
2019-10-21,https://plaiv.netlify.com,8
2019-10-21,https://paise.netlify.com,8
2019-10-21,https://develop--hungry-lamarr-cfbb1a.netlify.com,8
2019-10-21,https://dphone.azurewebsites.net,8
2019-10-21,https://4ork.netlify.com,8
2019-10-21,https://octokitties-cc0b2.firebaseapp.com,8
2019-10-21,https://dev.aladinnetwork.org,8
2019-10-21,https://blissful-tesla-369353.netlify.com,8
2019-10-21,https://www.sybella.io,8
2019-10-21,https://www.textlibrary.co,7
2019-10-21,https://blockstack.github.io,7
2019-10-21,https://dshare-blockstack.herokuapp.com,7
2019-10-21,https://trusting-jennings-4b3c4f.netlify.com,7
2019-10-21,https://blockstack-ump.herokuapp.com,7
2019-10-21,https://gaia_admin.brightblock.org,7
2019-10-21,https://amazing-bell-39b882.netlify.com,7
2019-10-21,https://b4pwebdev.azurewebsites.net,7
2019-10-21,https://dhasdk.bitbucket.io,7
2019-10-21,https://identity.centralindia.cloudapp.azure.com:10025,6
2019-10-21,http://keeperprofiles.appspot.com,6
2019-10-21,https://www.justsnake.live,6
2019-10-21,https://chat.hihermes.co,6
2019-10-21,http://www.stealthy.im,6
2019-10-21,https://beta-dev.springrole.com,6
2019-10-21,https://www.milacrm.com,6
2019-10-21,https://lms.mylens.io,6
2019-10-21,http://proto.galanimail.org,6
2019-10-21,http://blkbreakout.herokuapp.com,6
2019-10-21,http://18.188.34.104,6
2019-10-21,https://stage.coins.engineering,6
2019-10-21,https://testnet.blockcred.io,6
2019-10-21,https://passwordstack.de,6
2019-10-21,https://quizzical-heisenberg-d3c37c.netlify.com,6
2019-10-21,https://shaieste.gitlab.io/,6
2019-10-21,https://staging.transit8.com,6
2019-10-21,https://thirsty-roentgen-965c99.netlify.com,5
2019-10-21,https://admiring-haibt-c64561.netlify.com,5
2019-10-21,https://naughty-boyd-370607.netlify.com,5
2019-10-21,https://eats-money-do-not-use.netlify.com,5
2019-10-21,https://relayable_node.surge.sh,5
2019-10-21,https://cryptocracy-sandbox-001.netlify.com,5
2019-10-21,https://oitimesheet.runkodapps.com,5
2019-10-21,https://banter-radiks-staging-pr-26.herokuapp.com,5
2019-10-21,https://festive-bhabha-7e881b.netlify.com,5
2019-10-21,https://www.brightblock.org,5
2019-10-21,http://sybella.io,5
2019-10-21,https://pressure.carolkng.com,5
2019-10-21,https://myfevthings.com,5
2019-10-21,http://www.chat.hihermes.co,5
2019-10-21,https://5d54705b7c20370008eccaa4--blissful-tesla-369353.netlify.com,5
2019-10-21,https://www.stuartly.com,5
2019-10-21,https://replay.cryptocracy.io,5
2019-10-21,https://sendfriend.herokuapp.com,5
2019-10-21,https://inspiring-goldstine-c68a1d.netlify.com,5
2019-10-21,https://kanstack.herokuapp.com,5
2019-10-21,https://lattice.centralindia.cloudapp.azure.com,5
2019-10-21,https://www.ourtopia.co,5
2019-10-21,http://todos.local:8080,5
2019-10-21,https://beta.sigle.io,5
2019-10-21,https://manifest-54330.firebaseapp.com,5
2019-10-21,https://streetcoin.nz,5
2019-10-21,https://alpha.clove.app,5
2019-10-21,https://paidapp.paid.now.sh,5
2019-10-21,https://animalskingdoms.netlify.com,5
2019-10-21,https://condescending-fermat-e43740.netlify.com,5
2019-10-21,https://publish-dev.aws.mbusa.com,5
2019-10-21,https://privusreader.com,5
2019-10-21,https://192.168.1.3:8080,5
2019-10-21,https://zen-thompson-59a12f.netlify.com,5
2019-10-21,http://127.0.0.1:8000,5
2019-10-21,https://arcaneoffice.com,5
2019-10-21,https://192.168.1.158:3000,4
2019-10-21,https://dclouds.appspot.com,4
2019-10-21,https://condescending-colden-8494ff.netlify.com,4
2019-10-21,https://blockusign-test.azurewebsites.net,4
2019-10-21,https://frosty-dijkstra-f55a54.netlify.com,4
2019-10-21,https://stackarius.cogarius.com,4
2019-10-21,https://transit8.com,4
2019-10-21,https://staging.graphitedocs.com,4
2019-10-21,https://competent-pare-326e43.netlify.com,4
2019-10-21,https://boto-staging.netlify.com,4
2019-10-21,https://staging--objective-wiles-65a1ef.netlify.com,4
2019-10-21,https://brightblock.org,4
2019-10-21,http://postly.ngrok.io,4
2019-10-21,https://ovum.io,4
2019-10-21,https://client-syd.netlify.com,4
2019-10-21,https://friendly-noether-b006cc.netlify.com,4
2019-10-21,https://clipbox.in-progress.com,4
2019-10-21,http://127.0.0.1:3002,4
2019-10-21,https://blackrick.space:3005,4
2019-10-21,https://nervous-johnson-e8758f.netlify.com,4
2019-10-21,http://127.0.0.1:5500,4
2019-10-21,https://mystack.id,4
2019-10-21,https://farfrogs.rezervatorul.ro,4
2019-10-21,http://dev.qulstamp.com,4
2019-10-21,https://privy-auth.onrender.com,4
2019-10-21,https://stackarius.blocklistener.com,4
2019-10-21,http://9ae885fd.ngrok.io,4
2019-10-21,https://detrade.me,4
2019-10-21,http://publish1-dev.aws.mbusa.com:4503,4
2019-10-21,https://www.animodev.cf,4
2019-10-21,https://www.huaren.news,4
2019-10-21,https://pedantic-mahavira-f15d04.netlify.com/,4
2019-10-21,http://coet.coeus-solutions.de,4
2019-10-21,https://latticeblockstack.z29.web.core.windows.net,4
2019-10-21,http://app.travelstack.club,4
2019-10-21,http://decinnov.com:8080,4
2019-10-21,https://animalkingdome.netlify.com,4
2019-10-21,https://priceless-thompson-9fca9e.netlify.com,4
2019-10-21,http://127.0.0.1:4200,4
2019-10-21,https://socialshare.netlify.com,4
2019-10-21,https://acu.fund,4
2019-10-21,http://34d0c4f2.ngrok.io,4
2019-10-21,https://d.anish.io,4
2019-10-21,https://cocky-spence-96f8bc.netlify.com,4
2019-10-21,https://cryptocracy-wallet-debug.netlify.com,4
2019-10-21,http://blockstack-hires.wbobeirne.com,4
2019-10-21,https://dazzling-panini-0f572e.netlify.com,3
2019-10-21,https://tt.bitpatron.co,3
2019-10-21,https://blockstack-app.firebaseapp.com,3
2019-10-21,https://blissful-hodgkin-6062b1.netlify.com,3
2019-10-21,https://pensive-tereshkova-29c564.netlify.com,3
2019-10-21,https://quirky-shirley-f19074.netlify.com,3
2019-10-21,https://10.0.0.97:8080,3
2019-10-21,https://amazing-kalam-60aa7c.netlify.com,3
2019-10-21,https://hodor-daap.web.app,3
2019-10-21,https://jovial-ramanujan-1596f4.netlify.com,3
2019-10-21,https://thirsty-booth-c55486.netlify.com,3
2019-10-21,http://127.0.0.1:5000,3
2019-10-21,https://plaiv-sample.netlify.com,3
2019-10-21,https://test.forms.id,3
2019-10-21,http://127.0.0.1:9134,3
2019-10-21,https://vigilant-goldberg-43a99e.netlify.com,3
2019-10-21,https://quirky-booth-4cee6d.netlify.com,3
2019-10-21,https://deploy-preview-53--stoic-pare-596843.netlify.com,3
2019-10-21,https://stoic-murdock-6b4ae0.netlify.com,3
2019-10-21,https://serene-golick-e5bb4e.netlify.com,3
2019-10-21,https://boring-ptolemy-819fbc.netlify.com,3
2019-10-21,https://mystifying-bardeen-983642.netlify.com,3
2019-10-21,https://animal-kingdom.djnicholson.com,3
2019-10-21,https://friendly-almeida-fc7ff8.netlify.com,3
2019-10-21,https://joli-vin-92975.herokuapp.com,3
2019-10-21,https://joli-chocolatine-35019.herokuapp.com,3
2019-10-21,https://privusreader.azurewebsites.net,3
2019-10-21,https://test.misthos.io,3
2019-10-21,https://banter-radiks-staging-pr-41.herokuapp.com,3
2019-10-21,https://noteriotdaily.runkodapps.com,3
2019-10-21,https://musing-jennings-9a8c76.netlify.com,3
2019-10-21,http://www.brightblock.org,3
2019-10-21,https://decentralized-contacts.herokuapp.com,3
2019-10-21,https://192.168.0.10:8080,3
2019-10-21,https://deploy-preview-49--goofy-meitner-6b8e73.netlify.com,3
2019-10-21,https://noteriot-daily.netlify.com,3
2019-10-21,https://musing-joliot-453693.netlify.com,3
2019-10-21,https://upbeat-williams-577db4.netlify.com,3
2019-10-21,https://jovial-almeida-f5569d.netlify.com,3
2019-10-21,https://staging.brightblock.org,3
2019-10-21,http://keystone.melzas.com:8080,3
2019-10-21,https://galanimail-d637d.firebaseapp.com,3
2019-10-21,https://mystifying-montalcini-5975b6.netlify.com,3
2019-10-21,https://quizzical-hamilton-c15107.netlify.com,3
2019-10-21,https://colins-animal-kingdom.netlify.com,3
2019-10-21,https://compassionate-noyce-dbf887.netlify.com,3
2019-10-21,https://cryptokickz.net,3
2019-10-21,https://blockstack.eternalist.io,3
2019-10-21,https://loopbomb.com,3
2019-10-21,https://www.transit8.com,3
2019-10-21,https://deploy-preview-12--denote.netlify.com,3
2019-10-21,https://amazing-austin-21f33f.netlify.com,3
2019-10-21,https://hungry-wilson-249b01.netlify.com,3
2019-10-21,http://f60a6811.ngrok.io,3
2019-10-21,https://vac-acc-ehr-patient.netlify.com,3
2019-10-21,https://sketchriot.netlify.com,3
2019-10-21,https://frosty-leakey-8a24d2.netlify.com,3
2019-10-21,https://app.betweenz.xyz,3
2019-10-21,http://127.0.0.1:8081,3
2019-10-21,https://stage.unpublished.app,3
2019-10-21,http://39e26b5b.ngrok.io,3
2019-10-21,https://hopeful-mcclintock-559a85.netlify.com,3
2019-10-21,https://deploy-preview-28--envelop-web.netlify.com,3
2019-10-21,https://tdbid.radiclesociety.org,3
2019-10-21,https://blockstackcasino.netlify.com,3
2019-10-21,http://f7da0bf0.ngrok.io,3
2019-10-21,http://e1bbab95.ngrok.io,3
2019-10-21,https://webby-daily.netlify.com,3
2019-10-21,http://8092dc36.ngrok.io,3
2019-10-21,http://5710a1b6.ngrok.io,3
2019-10-21,https://car-assistant.ai-valley.com,3
2019-10-21,https://deploy-preview-20--flamboyant-montalcini-c6aae8.netlify.com,3
2019-10-21,https://still-inlet-32997.herokuapp.com,3
2019-10-21,http://127.0.0.1:4000,3
2019-10-21,https://yeslance.com,3
2019-10-21,https://pokemonkingdom.armujahid.me,3
2019-10-21,http://fe1520fc.ngrok.io,3
2019-10-21,https://blockdoc.netlify.com,3
2019-10-21,https://elastic-yalow-5d7c5a.netlify.com,3
2019-10-21,http://dapp.crosscheck.paradigma.global:3000,3
2019-10-21,https://awesome-wiles-d23b46.netlify.com,3
2019-10-21,https://animalkingdom5th.netlify.com,3
2019-10-21,https://notelayout2--infallible-williams-866040.netlify.com,3
2019-10-21,https://unruffled-golick-427e1c.netlify.com,3
2019-10-21,https://61d7a65a.ngrok.io,3
2019-10-21,https://5aa4d1c1.ngrok.io,3
2019-10-21,http://178.79.138.62,3
2019-10-21,http://127.0.0.1,3
2019-10-21,https://cocky-montalcini-e9b713.netlify.com,3
2019-10-21,https://5d7d05d031569b0008d481bc--envelop-web.netlify.com,3
2019-10-21,https://lytics-dashboard079.herokuapp.com,3
2019-10-21,https://deploy-preview-23--stoic-pare-596843.netlify.com,3
2019-10-21,https://deploy-preview-37--stoic-pare-596843.netlify.com,3
2019-10-21,https://listcafe.io,3
2019-10-21,https://cranky-pike-d488de.netlify.com,3
2019-10-21,http://10.196.105.155:8080,3
2019-10-21,http://www.keeperprofiles.appspot.com,3
2019-10-21,https://deploy-preview-67--envelop-web.netlify.com,3
2019-10-21,https://valsanimalkingdom.netlify.com,3
2019-10-21,https://gallant-volhard-0ab9bf.netlify.com,3
2019-10-21,https://laughing-pare-7b4420.netlify.com,3
2019-10-21,https://nifty-edison-be7f52.netlify.com,3
2019-10-21,https://159.89.54.156,3
2019-10-21,https://xenodochial-goldstine-04ec71.netlify.com,3
2019-10-21,http://906bddb9.ngrok.io,3
2019-10-21,https://bs.onhoot.com/,3
2019-10-21,https://8f7aa6c5.ngrok.io,2
2019-10-21,https://musing-rosalind-a655ba.netlify.com,2
2019-10-21,https://5008b186.ngrok.io,2
2019-10-21,http://10.200.200.43:8080,2
2019-10-21,http://10.195.28.143:8080,2
2019-10-21,https://usecoinsappco-jtyoqpbkny.now.sh,2
2019-10-21,https://boring-bhaskara-dfa4f0.netlify.com,2
2019-10-21,https://ab1d3593.ngrok.io,2
2019-10-21,https://rune.norderhaug.name,2
2019-10-21,https://blockstagram.netlify.com,2
2019-10-21,https://dhcs.live,2
2019-10-21,https://epic-kirch-0d81b5.netlify.com,2
2019-10-21,https://imsecure.netlify.com,2
2019-10-21,https://quizzical-raman-b26675.netlify.com,2
2019-10-21,https://eeb9053f.ngrok.io,2
2019-10-21,https://1628f42b.ngrok.io,2
2019-10-21,https://gallant-wozniak-042e54.netlify.com,2
2019-10-21,https://trusting-stonebraker-af1ebc.netlify.com,2
2019-10-21,https://127.0.0.1:8080,2
2019-10-21,https://youthful-leavitt-0418c0.netlify.com,2
2019-10-21,https://whereuis.z19.web.core.windows.net,2
2019-10-21,https://nifty-hodgkin-b99ccf.netlify.com,2
2019-10-21,https://xenodochial-engelbart-bdee50.netlify.com,2
2019-10-21,http://127.0.0.1:8080/,2
2019-10-21,https://affectionate-neumann-35fa68.netlify.com,2
2019-10-21,http://pineal.lh,2
2019-10-21,http://192.168.0.106:4200,2
2019-10-21,https://sharp-minsky-501164.netlify.com,2
2019-10-21,https://naughty-bhaskara-17b05c.netlify.com,2
2019-10-21,https://5c6ec12b8abdc00008f8287d--upbeat-wing-158214.netlify.com,2
2019-10-21,http://139.59.33.95,2
2019-10-21,http://192.168.1.24,2
2019-10-21,https://testgoorewards.globaldao.network/,2
2019-10-21,https://graphite.baezeni.net,2
2019-10-21,https://priceless-lichterman-b8ccca.netlify.com,2
2019-10-21,https://condescending-dijkstra-1eb8c5.netlify.com,2
2019-10-21,https://deploy-preview-47--envelop-web.netlify.com,2
2019-10-21,https://5d25fba59384db0008b1b259--envelop-web.netlify.com,2
2019-10-21,https://5d13b95eacecf3000d9e3654--flamboyant-montalcini-c6aae8.netlify.com,2
2019-10-21,https://deploy-preview-12--flamboyant-montalcini-c6aae8.netlify.com,2
2019-10-21,https://deploy-preview-6--flamboyant-montalcini-c6aae8.netlify.com,2
2019-10-21,https://blissful-poitras-112429.netlify.com,2
2019-10-21,https://xenodochial-wescoff-209336.netlify.com,2
2019-10-21,https://angry-murdock-a2700c.netlify.com,2
2019-10-21,https://5d00e9d27e46a1c24b27ea79--gekri.netlify.com,2
2019-10-21,https://thirsty-jang-0c0a17.netlify.com,2
2019-10-21,http://sendfriend.herokuapp.com,2
2019-10-21,https://deploy-preview-68--envelop-web.netlify.com,2
2019-10-21,https://festive-bartik-136d47.netlify.com,2
2019-10-21,http://192.168.1.21:5000,2
2019-10-21,https://nifty-murdock-36d05c.netlify.com,2
2019-10-21,https://infallible-curie-5c3684.netlify.com,2
2019-10-21,https://modest-boyd-7296a4.netlify.com,2
2019-10-21,https://infallible-ardinghelli-d10b25.netlify.com,2
2019-10-21,https://shadowhunter-kingdom.netlify.com,2
2019-10-21,https://simba-ucefkh.c9users.io,2
2019-10-21,https://127.0.0.1:3000,2
2019-10-21,https://admiring-ptolemy-ec6214.netlify.com,2
2019-10-21,https://blackhole.run/,2
2019-10-21,https://38f3b0b7.ngrok.io,2
2019-10-21,https://dazzling-ptolemy-1e1411.netlify.com,2
2019-10-21,https://musing-shirley-883fc4.netlify.com,2
2019-10-21,https://gracious-elion-08d8b6.netlify.com,2
2019-10-21,https://deploy-preview-26--stoic-pare-596843.netlify.com,2
2019-10-21,https://deploy-preview-25--stoic-pare-596843.netlify.com,2
2019-10-21,https://5d0d0c58b16bb2000722d111--flamboyant-montalcini-c6aae8.netlify.com,2
2019-10-21,https://5cb777278b452d01829a86d8--stoic-pare-596843.netlify.com,2
2019-10-21,https://staging-dapp.web.app,2
2019-10-21,https://zealous-wright-2138e0.netlify.com,2
2019-10-21,https://elated-mahavira-9ff8bc.netlify.com,2
2019-10-21,http://167.99.13.2,2
2019-10-21,http://57c5cdf7.ngrok.io,2
2019-10-21,https://dreamy-goodall-c39a39.netlify.com,2
2019-10-21,https://epic-murdock-ed407f.netlify.com,2
2019-10-21,http://keeperprofiles.com,2
2019-10-21,https://wonderful-poincare-10850e.netlify.com,2
2019-10-21,https://condescending-wright-e66128.netlify.com,2
2019-10-21,https://classez.xyz,2
2019-10-21,http://127.0.0.1:3004,2
2019-10-21,https://modest-shaw-7b090b.netlify.com,2
2019-10-21,https://friendly-stonebraker-b91ed0.netlify.com,2
2019-10-21,https://zen-poincare-743126.netlify.com,2
2019-10-21,https://heuristic-kowalevski-0e9a5d.netlify.com,2
2019-10-21,https://naughty-brahmagupta-bf0e6f.netlify.com,2
2019-10-21,https://stoic-pare-596843.netlify.com,2
2019-10-21,https://geekshiv-animal-kingdom.netlify.com,2
2019-10-21,https://determined-heyrovsky-47865a.netlify.com,2
2019-10-21,https://sov.organicdesign.co.nz,2
2019-10-21,https://gracious-newton-ea74fd.netlify.com,2
2019-10-21,https://musing-mcclintock-2e6e1a.netlify.com,2
2019-10-21,https://gifted-hermann-02ef62.netlify.com,2
2019-10-21,https://www.lettermesh.com,2
2019-10-21,https://keystone.sh,2
2019-10-21,https://deploy-preview-52--stoic-pare-596843.netlify.com,2
2019-10-21,http://galanimail.org,2
2019-10-21,http://192.168.0.221:3000,2
2019-10-21,http://blockchatapp.herokuapp.com,2
2019-10-21,https://optimistic-chandrasekhar-45b84d.netlify.com,2
2019-10-21,https://shoofly.netlify.com,2
2019-10-21,https://602a09f7.ngrok.io,2
2019-10-21,https://banter-radiks-staging-pr-24.herokuapp.com,2
2019-10-21,https://mam-local.brightblock.org,2
2019-10-21,https://pbookmarks.online,2
2019-10-21,https://deploy-preview-32--envelop-web.netlify.com,2
2019-10-21,https://banter-radiks-staging-pr-60.herokuapp.com,2
2019-10-21,https://objective-hugle-729f02.netlify.com,2
2019-10-21,https://ecstatic-haibt-d35f9e.netlify.com,2
2019-10-21,https://wonderful-benz-f442d5.netlify.com,2
2019-10-21,https://keen-dubinsky-2a34f4.netlify.com,2
2019-10-21,https://app.trsts.co,2
2019-10-21,https://hungry-wiles-ddb112.netlify.com,2
2019-10-21,https://xenodochial-khorana-a3631a.netlify.com,2
2019-10-21,https://5d76822cf0f603000c8e90fe--heuristic-meninsky-51a6a3.netlify.com,2
2019-10-21,https://relaxed-jackson-680632.netlify.com,2
2019-10-21,https://test.stealthy.im,2
2019-10-21,https://sharp-jones-174451.netlify.com,2
2019-10-21,https://elegant-visvesvaraya-0ee302.netlify.com,2
2019-10-21,https://arnkoh.bitbucket.io,2
2019-10-21,https://elated-saha-682bdf.netlify.com,2
2019-10-21,https://www.your-abode.com,2
2019-10-21,https://festive-murdock-0fc0ae.netlify.com,2
2019-10-21,https://blissful-hoover-ba870c.netlify.com,2
2019-10-21,https://cafe-society-test.netlify.com,2
2019-10-21,https://silly-edison-8ed69c.netlify.com,2
2019-10-21,https://naughty-williams-f3fae0.netlify.com,2
2019-10-21,https://graphite--infallible-williams-866040.netlify.com,2
2019-10-21,http://relayable_node.surge.sh,2
2019-10-21,http://www.stealthy.im.s3-website-us-west-2.amazonaws.com,2
2019-10-21,https://prism.bucko.now.sh,2
2019-10-21,https://adoring-hamilton-e4d10d.netlify.com,2
2019-10-21,https://goofy-wiles-965268.netlify.com,2
2019-10-21,https://lljripx.000webhostapp.com,2
2019-10-21,https://zealous-torvalds-c64eb7.netlify.com,2
2019-10-21,https://animal-kingdom.jeremybrady702.now.sh,2
2019-10-21,https://youthful-darwin-4413ce.netlify.com,2
2019-10-21,https://distracted-saha-09847b.netlify.com,2
2019-10-21,https://testing.unpublished.app,2
2019-10-21,https://skillwallet.z29.web.core.windows.net,2
2019-10-21,https://029e9df7.ngrok.io,2
2019-10-21,https://foodrover.info,2
2019-10-21,https://elated-haibt-ebcdb9.netlify.com,2
2019-10-21,https://sso.organicdesign.nz,2
2019-10-21,https://blockstack-app.web.app,2
2019-10-21,https://socialli.netlify.com,2
2019-10-21,https://5c92e652079b1078e7b2565d--festive-pike-1dba0c.netlify.com,2
2019-10-21,https://5d84133ebb6b6509fd485491--shoofly.netlify.com,2
2019-10-21,https://flamboyant-beaver-c71164.netlify.com,2
2019-10-21,https://artus.github.io,2
2019-10-21,https://stuartly.com,2
2019-10-21,https://scifi-animal-kingdom-pb.netlify.com,2
2019-10-21,https://quirky-meitner-22ea5a.netlify.com,2
2019-10-21,https://depost.herokuapp.com,2
2019-10-21,https://app.keysafe.xyz,2
2019-10-21,https://quirky-tesla-b095b0.netlify.com,2
2019-10-21,https://997e47be.ngrok.io,2
2019-10-21,https://person8.in-progress.com,2
2019-10-21,http://04a0d7da.ngrok.io,2
2019-10-21,http://cineflick.herokuapp.com,2
2019-10-21,https://5d84d286d488d60009f0daef--shoofly.netlify.com,2
2019-10-21,https://cryptographicapps.com,2
2019-10-21,https://deploy-preview-17--priceless-raman-53e2a8.netlify.com,2
2019-10-21,https://dappform.takectrl.io,2
2019-10-21,https://hopeful-kirch-f5a0ce.netlify.com,2
2019-10-21,https://www.mindyou.io,2
2019-10-21,https://eager-snyder-3ee638.netlify.com,2
2019-10-21,https://thirsty-mcnulty-237372.netlify.com,2
2019-10-21,https://deploy-preview-50--envelop-web.netlify.com,2
2019-10-21,https://5d8563a952f6e40182acbfff--shoofly.netlify.com,2
2019-10-21,https://w3b3-26bcfc.netlify.com,2
2019-10-21,https://dapp.crosscheck.paradigma.global:3000,2
2019-10-21,http://66.155.106.108:8082,2
2019-10-21,https://gifted-elion-8ce162.netlify.com,2
2019-10-21,https://admiring-einstein-e2cbce.netlify.com,2
2019-10-21,https://mypodium.z13.web.core.windows.net,2
2019-10-21,http://www.sybella.io,2
2019-10-21,https://fitnessstack.netlify.com,2
2019-10-21,https://adoring-yalow-a5c14f.netlify.com,2
2019-10-21,https://hopeful-lamport-75d72a.netlify.com,2
2019-10-21,https://distracted-boyd-be788c.netlify.com,2
2019-10-21,http://53f5aebc.ngrok.io,2
2019-10-21,https://elegant-mirzakhani-5975d3.netlify.com,2
2019-10-21,http://192.168.1.103:5000,2
2019-10-21,https://focused-keller-6ed5ac.netlify.com,2
2019-10-21,https://dcms.brightblock.org,2
2019-10-21,http://mypublickey.ngrok.io,2
2019-10-21,https://epic-yalow-f35449.netlify.com,2
2019-10-21,https://trusting-haibt-e87237.netlify.com,2
2019-10-21,https://hardcore-mcclintock-a6dc09.netlify.com,2
2019-10-21,https://ecstatic-bassi-8c50b5.netlify.com,2
2019-10-21,https://atomichabits.netlify.com,2
2019-10-21,https://practical-stallman-b41995.netlify.com,2
2019-10-21,http://35.231.45.59:1900,2
2019-10-21,https://cocky-hopper-116fb2.netlify.com,2
2019-10-21,https://practical-fermat-f46a63.netlify.com,2
2019-10-21,https://mapped-2d466.web.app,2
2019-10-21,https://testing--w3b3-26bcfc.netlify.com,2
2019-10-21,https://frosty-mccarthy-76c1fd.netlify.com,2
2019-10-21,http://chat.hihermes.co,2
2019-10-21,https://deploy-preview-19--stoic-pare-596843.netlify.com,2
2019-10-21,https://modest-engelbart-0eec5f.netlify.com,2
2019-10-21,https://hungry-pike-6e2577.netlify.com,2
2019-10-21,https://trusting-yalow-75bf93.netlify.com,2
2019-10-21,https://profiles-228206.appspot.com,2
2019-10-21,https://boring-booth-f1c5e6.netlify.com,2
2019-10-21,https://relaxed-ptolemy-1e8668.netlify.com,2
2019-10-21,https://deploy-preview-22--stoic-pare-596843.netlify.com,2
2019-10-21,https://34.68.131.167,2
2019-10-21,https://9c02d0a7.ngrok.io,2
2019-10-21,https://practical-joliot-6c77e0.netlify.com,2
2019-10-21,http://d8c6dc22.ngrok.io,2
2019-10-21,https://boto-photo-staging.netlify.com,2
2019-10-21,https://nimalssanssans.netlify.com,2
2019-10-21,https://deploy-preview-63--envelop-web.netlify.com,2
2019-10-21,https://reverent-newton-f66a3f.netlify.com,2
2019-10-21,https://vibrant-kepler-d582a6.netlify.com,2
2019-10-21,https://blockstack-gp.netlify.com,2
2019-10-21,https://awesome-animal-kingdom.netlify.com,2
2019-10-21,https://dcms-local.brightblock.org,2
2019-10-21,https://silly-easley-34c111.netlify.com,2
2019-10-21,https://priceless-feynman-ab1a9f.netlify.com,2
2019-10-21,https://wizardly-saha-6e58a2.netlify.com,2
2019-10-21,https://5d0a986018a4c700076242bb--block-photos.netlify.com,2
2019-10-21,https://deploy-preview-27--stoic-pare-596843.netlify.com,2
2019-10-21,https://deploy-preview-5--flamboyant-montalcini-c6aae8.netlify.com,2
2019-10-21,https://optimistic-wing-7a17ab.netlify.com,2
2019-10-21,https://deploy-preview-46--envelop-web.netlify.com,2
2019-10-21,https://deploy-preview-58--stoic-pare-596843.netlify.com,2
2019-10-21,https://lists.thisismydomain.life,2
2019-10-21,https://cranky-bohr-e74e2c.netlify.com,2
2019-10-21,https://friendly-goldwasser-192893.netlify.com,2
2019-10-21,https://deploy-preview-35--stoic-pare-596843.netlify.com,2
2019-10-21,https://04a5f1dc.ngrok.io,2
2019-10-21,https://21edd90b.ngrok.io,2
2019-10-21,https://rtasks-staging.netlify.com,2
2019-10-21,https://deploy-preview-52--envelop-web.netlify.com,2
2019-10-21,https://zealous-curie-1c5d61.netlify.com,2
2019-10-21,https://blockstack-todos.bdesselle.now.sh,2
2019-10-21,https://eager-shockley-ad2a35.netlify.com,2
2019-10-21,https://gallant-ramanujan-3ff903.netlify.com,2
2019-10-21,https://elegant-kingdom.netlify.com,2
2019-10-21,https://friendly-mcclintock-ca15d0.netlify.com,2
2019-10-21,https://friendly-mcclintock-ca15d0.netlify.com/,2
2019-10-21,http://192.168.1.29:8080,2
2019-10-21,https://eager-blackwell-82247d.netlify.com,2
2019-10-21,https://naughty-euclid-5ef4db.netlify.com,2
2019-10-21,https://awesome-allen-b964c2.netlify.com,2
2019-10-21,https://jovial-boyd-7f5f10.netlify.com,2
2019-10-21,https://heuristic-villani-a61306.netlify.com,2
2019-10-21,https://stoic-lovelace-9328c2.netlify.com,2
2019-10-21,https://scoge.co,2
2019-10-21,https://gallant-pasteur-ab6828.netlify.com,2
2019-10-21,https://nostalgic-noyce-bbfa1e.netlify.com,2
2019-10-21,https://hth3-chatroom.serveo.net,1
2019-10-21,https://192.168.43.9:8443,1
2019-10-21,https://focused-murdock-5b7c58.netlify.com,1
2019-10-21,https://inspiring-minsky-09ac2d.netlify.com,1
2019-10-21,https://5da64799db3f1b000a1fc3c3--dcrypt.netlify.com,1
2019-10-21,https://5d82a6da6dc7cd64b72686cf--dappity-mvp.netlify.com,1
2019-10-21,https://5d825b1195b003cc80dcdbc9--dappity-mvp.netlify.com,1
2019-10-21,https://5d803bcd9fc444138900cd57--dappity-mvp.netlify.com,1
2019-10-21,https://heuristic-clarke-7a7159.netlify.com,1
2019-10-21,https://relaxed-varahamihira-e24b07.netlify.com,1
2019-10-21,https://deploy-preview-7--sigle-app.netlify.com,1
2019-10-21,https://0f88d2a8.ngrok.io,1
2019-10-21,https://72fcdc5e.ngrok.io,1
2019-10-21,https://romantic-bell-7e67f2.netlify.com,1
2019-10-21,http://192.168.1.1:8080,1
2019-10-21,https://elastic-lumiere-ae0cae.netlify.com,1
2019-10-21,https://agitated-jackson-bd9cce.netlify.com,1
2019-10-21,https://friendlyeats-7aad1.firebaseapp.com,1
2019-10-21,http://192.168.8.106:3000,1
2019-10-21,https://superchatbot.netlify.com,1
2019-10-21,https://deploy-preview-3--admiring-haibt-c64561.netlify.com,1
2019-10-21,https://festive-ritchie-b8a7ef.netlify.com,1
2019-10-21,https://9c423bfe.ngrok.io,1
2019-10-21,https://01fd3e11.ngrok.io,1
2019-10-21,https://tbase.dergi-mobapp.com,1
2019-10-21,https://8080-impressassignedalligator.cdr.co,1
2019-10-21,https://nostalgic-darwin-f50fab.netlify.com,1
2019-10-21,https://app.dailyme.ninja,1
2019-10-21,https://zealous-mclean-75304f.netlify.com,1
2019-10-21,https://inspiring-goldwasser-7a68cd.netlify.com,1
2019-10-21,https://deploy-preview-44--stoic-pare-596843.netlify.com,1
2019-10-21,https://pushquery-ucefkh.c9users.io,1
2019-10-21,https://zen-stallman-d30f1d.netlify.com,1
2019-10-21,https://upbeat-morse-707d05.netlify.com,1
2019-10-21,http://decentralized-contacts.herokuapp.com,1
2019-10-21,https://determined-mayer-5da20c.netlify.com,1
2019-10-21,http://www.web.stealthy.im.s3-website-us-west-1.amazonaws.com,1
2019-10-21,https://keen-tereshkova-6e935c.netlify.com,1
2019-10-21,https://focused-curie-e04620.netlify.com,1
2019-10-21,https://app.graphitedocs.com/,1
2019-10-21,https://hardcore-aryabhata-0b260e.netlify.com,1
2019-10-21,https://kind-kilby-ce03ae.netlify.com,1
2019-10-21,https://sad-wing-43c86c.netlify.com,1
2019-10-21,https://innermatrix.co/:8080,1
2019-10-21,https://infallible-torvalds-977516.netlify.com,1
2019-10-21,https://happy-engelbart-cfe6ff.netlify.com,1
2019-10-21,http://blocknote.local:4000,1
2019-10-21,https://quizzical-hugle-31365c.netlify.com,1
2019-10-21,https://www.lhsipdb.com:8080,1
2019-10-21,https://festive-benz-709427.netlify.com,1
2019-10-21,https://6e74214a.ngrok.io,1
2019-10-21,https://amazing-lamarr-48e886.netlify.com,1
2019-10-21,https://elated-lamarr-f7f19e.netlify.com,1
2019-10-21,https://serene-wiles-7b56b6.netlify.com,1
2019-10-21,https://dazzling-boyd-56b009.netlify.com,1
2019-10-21,https://quirky-kowalevski-057243.netlify.com,1
2019-10-21,https://adoring-goodall-9cae4b.netlify.com,1
2019-10-21,https://inspiring-jang-2d5df6.netlify.com,1
2019-10-21,https://hopeful-mahavira-365609.netlify.com,1
2019-10-21,https://5da275f3fca013000871dc56--dcrypt.netlify.com,1
2019-10-21,https://gallant-hugle-48382a.netlify.com,1
2019-10-21,https://jovial-pare-94f4fc.netlify.com,1
2019-10-21,https://loving-swartz-30493b.netlify.com,1
2019-10-21,https://compassionate-beaver-b1d43f.netlify.com,1
2019-10-21,https://thirsty-kilby-c1050f.netlify.com,1
2019-10-21,https://brave-kilby-d85264.netlify.com,1
2019-10-21,https://goofy-sinoussi-1afc6d.netlify.com,1
2019-10-21,https://zen-easley-272102.netlify.com,1
2019-10-21,https://optimistic-spence-214556.netlify.com,1
2019-10-21,https://objective-pare-eb520a.netlify.com,1
2019-10-21,https://5cf5e30ba559c7cfde8756b0--youthful-noether-31a48c.netlify.com,1
2019-10-21,https://affectionate-kilby-515d7c.netlify.com,1
2019-10-21,https://focused-engelbart-811df4.netlify.com,1
2019-10-21,https://sn-animal-kingdom.netlify.com,1
2019-10-21,https://inspiring-spence-5714e5.netlify.com,1
2019-10-21,http://dev.qulstamp.com:8080,1
2019-10-21,https://mern-boilerplate-nprgoirfln.now.sh,1
2019-10-21,http://139.59.33.95:8080,1
2019-10-21,https://cocky-jang-6fa9ba.netlify.com,1
2019-10-21,https://fervent-boyd-29d884.netlify.com,1
2019-10-21,https://eloquent-heisenberg-fbfa49.netlify.com,1
2019-10-21,https://confident-colden-2a5eb4.netlify.com,1
2019-10-21,http://157.230.78.12,1
2019-10-21,https://angry-golick-37ea45.netlify.com,1
2019-10-21,https://upbeat-mccarthy-43697d.netlify.com,1
2019-10-21,http://172.16.20.156:3001,1
2019-10-21,https://relaxed-williams-c74403.netlify.com,1
2019-10-21,https://deploy-preview-51--envelop-web.netlify.com,1
2019-10-21,https://deploy-preview-43--envelop-web.netlify.com,1
2019-10-21,https://5d1662bcea6ca50009d3faeb--envelop-web.netlify.com,1
2019-10-21,https://designfx.netlify.com,1
2019-10-21,https://up-bloco-io.herokuapp.com,1
2019-10-21,https://agent2222.herokuapp.com,1
2019-10-21,http://scoge.co,1
2019-10-21,https://www.scoge.co,1
2019-10-21,https://nervous-raman-3b79d0.netlify.com,1
2019-10-21,https://thirsty-kepler-e0a138.netlify.com,1
2019-10-21,https://simple-mood-tracker-js.firebaseapp.com,1
2019-10-21,https://dflashcards.now.sh,1
2019-10-21,http://lettermesh.com,1
2019-10-21,https://build.samrobbins1.now.sh,1
2019-10-21,https://inspiring-swartz-b34c0e.netlify.com,1
2019-10-21,https://youthful-euclid-b710c6.netlify.com,1
2019-10-21,https://2fd4fefc.ngrok.io,1
2019-10-21,https://titania.netlify.com,1
2019-10-21,https://keen-wescoff-38d924.netlify.com,1
2019-10-21,http://w3bcollections.com,1
2019-10-21,https://blockgram.netlify.com,1
2019-10-21,http://10.39.105.62:4005,1
2019-10-21,https://trusting-kirch-492433.netlify.com,1
2019-10-21,http://10.0.0.212:8080,1
2019-10-21,https://deploy-preview-13--trusting-jennings-4b3c4f.netlify.com,1
2019-10-21,https://keen-lovelace-72d428.netlify.com,1
2019-10-21,https://elated-visvesvaraya-e05072.netlify.com,1
2019-10-21,https://3000-f48ffa38-2628-4a21-8099-e684d491be07.ws-ap0.gitpod.io,1
2019-10-21,https://sad-wilson-2f844e.netlify.com,1
2019-10-21,https://hopeful-meitner-5d0ec9.netlify.com,1
2019-10-21,https://eager-wilson-b61b41.netlify.com,1
2019-10-21,https://awesome-ardinghelli-b83e44.netlify.com,1
2019-10-21,https://gracious-jang-32a006.netlify.com,1
2019-10-21,https://practical-blackwell-cbd234.netlify.com,1
2019-10-21,https://peaceful-golick-11d1b4.netlify.com,1
2019-10-21,https://peaceful-williams-82fa66.netlify.com,1
2019-10-21,https://suspicious-booth-b797b3.netlify.com,1
2019-10-21,http://10.196.105.155:8081,1
2019-10-21,https://infallible-thompson-6fb493.netlify.com,1
2019-10-21,https://happy-sammet-cbbe15.netlify.com,1
2019-10-21,https://adoring-bose-a0ef59.netlify.com,1
2019-10-21,https://dazzling-einstein-5524a3.netlify.com,1
2019-10-21,https://5d9dd55f8f8e5e4550a99c30--atomichabits.netlify.com,1
2019-10-21,https://5d9c688b9fabea59a83a7d4b--atomichabits.netlify.com,1
2019-10-21,https://aac.local:8080,1
2019-10-21,http://aac.local:8081,1
2019-10-21,https://8f1a1e87.ngrok.io,1
2019-10-21,https://angry-hawking-803cf7.netlify.com,1
2019-10-21,https://clove.app,1
2019-10-21,http://157.230.104.149,1
2019-10-21,https://laughing-gates-69c67b.netlify.com,1
2019-10-21,https://boring-allen-0b1328.netlify.com,1
2019-10-21,https://vibrant-borg-893045.netlify.com,1
2019-10-21,https://milalabs.org,1
2019-10-21,https://sad-bhabha-656055.netlify.com,1
2019-10-21,https://goofy-agnesi-ab18b9.netlify.com,1
2019-10-21,http://172.17.56.161:3000,1
2019-10-21,https://modest-dijkstra-a9343c.netlify.com,1
2019-10-21,https://app.dusy.org,1
2019-10-21,https://maya-animal-kingdom.netlify.com,1
2019-10-21,https://notes.thisismydomain.life,1
2019-10-21,http://192.168.120.142:3000,1
2019-10-21,https://develop--block-photos.netlify.com,1
2019-10-21,https://192.168.1.183:8080,1
2019-10-21,https://deploy-preview-8--blissful-tesla-369353.netlify.com,1
2019-10-21,https://confident-northcutt-143b95.netlify.com,1
2019-10-21,https://gitstack.netlify.com,1
2019-10-21,https://5d08e5f581ed509bc5a89021--foodrover.netlify.com,1
2019-10-21,https://eager-volhard-da4948.netlify.com,1
2019-10-21,https://ysundar.netlify.com,1
2019-10-21,https://pedantic-booth-c44f02.netlify.com,1
2019-10-21,https://nifty-engelbart-64b745.netlify.com,1
2019-10-21,https://quirky-bassi-182eff.netlify.com,1
2019-10-21,https://modest-chandrasekhar-0e9f62.netlify.com,1
2019-10-21,https://laughing-heisenberg-a87a8f.netlify.com,1
2019-10-21,https://trusting-bell-22c21a.netlify.com,1
2019-10-21,https://vigilant-bohr-228d87.netlify.com,1
2019-10-21,https://eager-galileo-36deaa.netlify.com,1
2019-10-21,http://mk.id.blockstack.personal.lh,1
2019-10-21,https://5d9a986b51d696000c1f29e5--dcrypt.netlify.com,1
2019-10-21,https://tart.radiclesociety.org,1
2019-10-21,https://hume.brightblock.org,1
2019-10-21,https://deploy-preview-3--inspiring-torvalds-36aa15.netlify.com,1
2019-10-21,https://priceless-wilson-8e57b1.netlify.com,1
2019-10-21,https://blockstack-cryptolator.netlify.com,1
2019-10-21,https://admiring-swanson-d6051c.netlify.com,1
2019-10-21,https://deploy-preview-483--animalkingdoms.netlify.com,1
2019-10-21,https://deploy-preview-469--animalkingdoms.netlify.com,1
2019-10-21,https://eager-kalam-54104d.netlify.com,1
2019-10-21,https://vigorous-swirles-42a46c.netlify.com,1
2019-10-21,https://omnikey-mike-borghi.c9users.io,1
2019-10-21,https://fervent-kalam-a029a8.netlify.com,1
2019-10-21,https://kind-newton-a83211.netlify.com,1
2019-10-21,http://172.26.128.150:3000,1
2019-10-21,http://vps666517.ovh.net:3000,1
2019-10-21,https://vigilant-heyrovsky-f47611.netlify.com,1
2019-10-21,https://deploy-preview-7--blissful-tesla-369353.netlify.com,1
2019-10-21,https://vigorous-mirzakhani-50318c.netlify.com,1
2019-10-21,https://nervous-bardeen-84fa52.netlify.com,1
2019-10-21,https://browser.blockstack.org/,1
2019-10-21,http://www.scoge.co,1
2019-10-21,https://kind-booth-b1a350.netlify.com,1
2019-10-21,https://videostackapp.herokuapp.com,1
2019-10-21,https://trusting-clarke-973b40.netlify.com,1
2019-10-21,https://upbeat-wing-158214.netlify.com,1
2019-10-21,https://animal-kingdom-lh.netlify.com,1
2019-10-21,https://hardcore-noether-3f52ec.netlify.com,1
2019-10-21,https://heuristic-nobel-71304b.netlify.com,1
2019-10-21,https://upbeat-cray-a4b75b.netlify.com,1
2019-10-21,https://compassionate-bardeen-1c1d18.netlify.com,1
2019-10-21,https://keystone-sam.devx1.now.sh,1
2019-10-21,https://nervous-hamilton-b8d9e6.netlify.com,1
2019-10-21,https://brave-edison-841e6d.netlify.com,1
2019-10-21,https://eager-boyd-c9beb0.netlify.com,1
2019-10-21,https://objective-stonebraker-c8ebf9.netlify.com,1
2019-10-21,https://gudangcloud.karyaku.me,1
2019-10-21,https://gudangfoto.karyaku.me,1
2019-10-21,https://a43c84c7.ngrok.io,1
2019-10-21,https://d21babfc.ngrok.io,1
2019-10-21,https://630e7177.ngrok.io,1
2019-10-21,https://keen-raman-0cdc26.netlify.com,1
2019-10-21,https://ac9ccfd4.ngrok.io,1
2019-10-21,https://google.com,1
2019-10-21,https://5720c4a6.ngrok.io,1
2019-10-21,https://ab7b5b7d.ngrok.io,1
2019-10-21,https://2db61b4c.ngrok.io,1
2019-10-21,https://bs.onhoot.com,1
2019-10-21,https://careerchat.co,1
2019-10-21,https://frosty-jepsen-94536a.netlify.com,1
2019-10-21,https://testgoorewards.globaldao.network,1
2019-10-21,https://boring-borg-980465.netlify.com,1
2019-10-21,https://youthful-heyrovsky-64ec1e.netlify.com,1
2019-10-21,https://awesome-allen-60bcbd.netlify.com,1
2019-10-21,https://sharp-bhabha-8fdd4c.netlify.com,1
2019-10-21,http://linux:3004,1
2019-10-21,https://4108d8f9.ngrok.io,1
2019-10-21,https://www.blockstackboard.org,1
2019-10-21,https://elated-tereshkova-5fecd7.netlify.com,1
2019-10-21,https://sad-albattani-b59b7a.netlify.com,1
2019-10-21,https://admiring-colden-396cb2.netlify.com,1
2019-10-21,https://stackarius.blockexperiment.com,1
2019-10-21,https://gallant-feynman-7d2107.netlify.com,1
2019-10-21,https://gayathri-animal-kingdom.netlify.com,1
2019-10-21,https://animal-kingdom-gdodpqqs5.now.sh,1
2019-10-21,http://192.168.1.82:3000,1
2019-10-21,https://deploy-preview-34--envelop-web.netlify.com,1
2019-10-21,https://deploy-preview-26--envelop-web.netlify.com,1
2019-10-21,https://fervent-tesla-6d48d7.netlify.com,1
2019-10-21,https://5d14f6779caf3e00081b1073--flamboyant-montalcini-c6aae8.netlify.com,1
2019-10-21,https://5d13cdc4b244b600085cf9b9--flamboyant-montalcini-c6aae8.netlify.com,1
2019-10-21,https://5d1a56ccf6d3f10008042d95--block-photos.netlify.com,1
2019-10-21,https://heuristic-raman-e77b97.netlify.com,1
2019-10-21,https://banter-radiks-staging-pr-59.herokuapp.com,1
2019-10-21,https://8a70acfd.ngrok.io,1
2019-10-21,https://eaf90f2a.ngrok.io,1
2019-10-21,https://vigorous-hawking-4f97df.netlify.com,1
2019-10-21,https://eager-stonebraker-0ccefb.netlify.com,1
2019-10-21,https://reverent-payne-8df2df.netlify.com,1
2019-10-21,https://serene-wiles-6b0bfb.netlify.com,1
2019-10-21,https://angry-ritchie-0e36a6.netlify.com,1
2019-10-21,https://blissful-mirzakhani-765efc.netlify.com,1
2019-10-21,https://loving-almeida-5f5f13.netlify.com,1
2019-10-21,https://nifty-turing-d08227.netlify.com,1
2019-10-21,http://172.16.20.156:3000,1
2019-10-21,https://youthful-lewin-5e8975.netlify.com,1
2019-10-21,https://hopeful-aryabhata-30e1d0.netlify.com,1
2019-10-21,https://infallible-goldberg-0bcb2c.netlify.com,1
2019-10-21,https://zealous-goodall-25bbdd.netlify.com,1
2019-10-21,https://infallible-brattain-c0f919.netlify.com,1
2019-10-21,https://focused-roentgen-9b4d74.netlify.com,1
2019-10-21,https://affectionate-curie-90fb50.netlify.com,1
2019-10-21,https://elegant-lalande-b83d6b.netlify.com,1
2019-10-21,https://45715be9.ngrok.io,1
2019-10-21,https://deploy-preview-30--envelop-web.netlify.com,1
2019-10-21,https://micasaestucasa.herokuapp.com,1
2019-10-21,https://elastic-borg-1a7142.netlify.com,1
2019-10-21,https://happy-hermann-c2356d.netlify.com,1
2019-10-21,https://peaceful-snyder-f4170a.netlify.com,1
2019-10-21,https://xenodochial-stonebraker-801c98.netlify.com,1
2019-10-21,https://serene-thompson-70dfae.netlify.com,1
2019-10-21,https://amazing-hermann-be5de8.netlify.com,1
2019-10-21,https://peaceful-darwin-ee86ae.netlify.com,1
2019-10-21,https://unruffled-cray-7d9e79.netlify.com,1
2019-10-21,https://jovial-carson-8af6dd.netlify.com,1
2019-10-21,http://10.39.35.51:8080,1
2019-10-21,https://dreamy-banach-1b0603.netlify.com,1
2019-10-21,https://brave-galileo-6e348b.netlify.com,1
2019-10-21,http://192.168.0.12:8080,1
2019-10-21,https://cocky-heyrovsky-d586ee.netlify.com,1
2019-10-21,https://wt-c0c4a39020d4e9619a8996325cdfa5dc-0.sandbox.auth0-extend.com,1
2019-10-21,https://hungry-edison-8083d3.netlify.com,1
2019-10-21,https://youthful-snyder-19f045.netlify.com,1
2019-10-21,https://unruffled-jennings-f51797.netlify.com,1
2019-10-21,https://ec259fcb.ngrok.io,1
2019-10-21,https://stoic-pike-20eba4.netlify.com,1
2019-10-21,https://practical-wozniak-8d76bd.netlify.com,1
2019-10-21,https://hopeful-edison-c1cd29.netlify.com,1
2019-10-21,https://practical-almeida-a4d26c.netlify.com,1
2019-10-21,https://sheetyapp.azurewebsites.net,1
2019-10-21,https://gallant-lewin-0565e3.netlify.com,1
2019-10-21,https://cranky-carson-208ad5.netlify.com,1
2019-10-21,http://192.168.1.2:8081,1
2019-10-21,https://trusting-mcnulty-014bea.netlify.com,1
2019-10-21,https://hungry-wozniak-1bcea8.netlify.com,1
2019-10-21,https://deploy-preview-14--denote.netlify.com,1
2019-10-21,https://condescending-bassi-09c89c.netlify.com,1
2019-10-21,https://deploy-preview-13--denote.netlify.com,1
2019-10-21,https://blinkapp.netlify.com,1
2019-10-21,https://unruffled-swirles-8c800c.netlify.com,1
2019-10-21,https://focused-keller-3c0966.netlify.com,1
2019-10-21,https://5d54be543e6f28000ac4a5d2--cafe-society-develop.netlify.com,1
2019-10-21,https://5d4e25124c7e400008cb4302--cafe-society-develop.netlify.com,1
2019-10-21,https://boring-bohr-1651c7.netlify.com,1
2019-10-21,https://5d4d03816fdf74567523a451--cafe-society-news.netlify.com,1
2019-10-21,https://modest-hopper-8aa64c.netlify.com,1
2019-10-21,https://condescending-yonath-28ff9c.netlify.com,1
2019-10-21,https://5d929083e7d7b971c38fc26b--trusting-jennings-4b3c4f.netlify.com,1
2019-10-21,https://www.pgeon.com,1
2019-10-21,http://18.222.91.187:8001,1
2019-10-21,https://elegant-stonebraker-70fbf6.netlify.com,1
2019-10-21,https://distracted-swirles-f624ce.netlify.com,1
2019-10-21,https://happy-mccarthy-dbba17.netlify.com,1
2019-10-21,https://elastic-colden-30966c.netlify.com,1
2019-10-21,https://deploy-preview-23--heuristic-meninsky-51a6a3.netlify.com,1
2019-10-21,https://5d57156c6ebc8e0007b8e140--heuristic-meninsky-51a6a3.netlify.com,1
2019-10-21,https://5d30e4e7a9d60b000b1b69e4--stoic-pare-596843.netlify.com,1
2019-10-21,https://deploy-preview-60--stoic-pare-596843.netlify.com,1
2019-10-21,https://deploy-preview-59--stoic-pare-596843.netlify.com,1
2019-10-21,https://epic-rosalind-e579e6.netlify.com,1
2019-10-21,https://blink-app.netlify.com,1
2019-10-21,https://deploy-preview-41--stoic-pare-596843.netlify.com,1
2019-10-21,https://5ce6f9689d249e017f9753fc--boring-ptolemy-819fbc.netlify.com,1
2019-10-21,https://5d017e278a460b0008edccb5--block-photos.netlify.com,1
2019-10-21,https://5cb636f842e39b31fa40b051--stoic-pare-596843.netlify.com,1
2019-10-21,https://psd.photos,1
2019-10-21,https://bottle.li,1
2019-10-21,https://utilo.co,1
2019-10-21,https://8cfe58bd.ngrok.io,1
2019-10-21,https://login.blockcred.io,1
2019-10-21,https://rocketchat.blockstack.systems,1
2019-10-21,https://hopeful-booth-6cfd63.netlify.com,1
2019-10-21,https://twoblocks.leopradel.com,1
2019-10-21,https://careerchat.netlify.com,1
2019-10-21,https://diffuse.sh,1
2019-10-21,https://onedate-pp32q7hpm.now.sh,1
2019-10-21,https://app.blockvault.site,1
2019-10-21,https://priceless-bhabha-3d5777.netlify.com,1
2019-10-21,https://reverent-pasteur-a4900c.netlify.com,1
2019-10-21,https://www.trakkin.me,1
2019-10-21,https://zen-khorana-bb175d.netlify.com,1
2019-10-21,https://compassionate-fermat-7b0a0b.netlify.com,1
2019-10-21,https://agitated-blackwell-97bd09.netlify.com,1
2019-10-21,https://pedantic-lumiere-b1877a.netlify.com,1
2019-10-21,https://nervous-heisenberg-39236a.netlify.com,1
2019-10-21,https://clever-blackwell-6f8c4d.netlify.com,1
2019-10-21,https://silly-pasteur-753b26.netlify.com,1
2019-10-21,https://moneylog.app,1
2019-10-21,https://goofy-fermi-447c0b.netlify.com,1
2019-10-21,https://deploy-preview-8--flamboyant-montalcini-c6aae8.netlify.com,1
2019-10-21,https://stupefied-shannon-286386.netlify.com,1
2019-10-21,https://loving-poincare-0faf18.netlify.com,1
2019-10-21,https://zealous-villani-bb5378.netlify.com,1
2019-10-21,https://eloquent-shockley-791c49.netlify.com,1
2019-10-21,https://dev-graphite.mandelbot.io,1
2019-10-21,https://vibrant-engelbart-f1b42e.netlify.com,1
2019-10-21,https://brave-ride-7cade6.netlify.com,1
2019-10-21,https://silly-sinoussi-10e90b.netlify.com,1
2019-10-21,http://client-syd.netlify.com,1
2019-10-21,https://world-needs-animals.netlify.com,1
2019-10-21,https://sad-gates-18e46b.netlify.com,1
2019-10-21,https://stupefied-galileo-a23377.netlify.com,1
2019-10-21,https://fantasykingdoms.netlify.com,1
2019-10-21,https://quirky-mcnulty-bc977b.netlify.com,1
2019-10-21,https://eager-goodall-d3f5e2.netlify.com,1
2019-10-21,http://127.0.0.1:1234,1
2019-10-21,http://192.168.56.1:3000,1
2019-10-21,https://test.s0.rs,1
2019-10-21,https://lucid-tereshkova-d5b7ef.netlify.com,1
2019-10-21,https://deploy-preview-44--envelop-web.netlify.com,1
2019-10-21,https://aac.local:8081,1
2019-10-21,https://amazing-williams-2ce016.netlify.com,1
2019-10-21,https://sad-golick-7cf29e.netlify.com,1
2019-10-21,https://determined-hoover-e3a87a.netlify.com,1
2019-10-21,https://www.predictoapp.com,1
2019-10-21,https://peepz-staging.netlify.com,1
2019-10-21,https://gracious-archimedes-72c6ff.netlify.com,1
2019-10-21,https://animal-kingdom-tutorial.netlify.com,1
2019-10-21,https://kind-hypatia-0944ae.netlify.com,1
2019-10-21,https://serene-shannon-84c47b.netlify.com,1
2019-10-21,https://huarennews.netlify.com,1
2019-10-21,https://huaren.netlify.com,1
2019-10-21,https://romantic-darwin-f8a291.netlify.com,1
2019-10-21,https://kind-mccarthy-487df6.netlify.com,1
2019-10-21,https://agitated-shirley-0a44ca.netlify.com,1
2019-10-21,https://practical-kare-b92e82.netlify.com,1
2019-10-21,https://wonderful-lewin-c900c8.netlify.com,1
2019-10-21,https://quirky-chandrasekhar-0a34ee.netlify.com,1
2019-10-21,https://www.milalabs.org,1
2019-10-21,https://elegant-mestorf-759375.netlify.com,1
2019-10-21,http://169.254.245.43:8080,1
2019-10-21,https://vigorous-tesla-487f04.netlify.com,1
2019-10-21,https://suspicious-shockley-b6d288.netlify.com,1
2019-10-21,https://xenodochial-franklin-b3f9bc.netlify.com,1
2019-10-21,https://www.boto.photos,1
2019-10-21,https://compassionate-lumiere-021ec1.netlify.com,1
2019-10-21,https://laughing-euclid-96c31c.netlify.com,1
2019-10-21,https://affectionate-lumiere-6fefa8.netlify.com,1
2019-10-21,https://upbeat-blackwell-6b07c7.netlify.com,1
2019-10-21,https://5d818a861532610187a0ddac--inspiring-ptolemy-7fc271.netlify.com,1
2019-10-21,https://tender-darwin-76d1ac.netlify.com,1
2019-10-21,https://elastic-dijkstra-9f34ef.netlify.com,1
2019-10-21,https://goofy-hugle-1c7113.netlify.com,1
2019-10-21,https://5d0d0f3f9e182a00085a9cb5--flamboyant-montalcini-c6aae8.netlify.com,1
2019-10-21,https://3000-ac725778-889a-4702-b11f-150b48dfb34c.ws-ap0.gitpod.io,1
2019-10-21,https://docky-meninsky-b5f573.netlify.com,1
2019-10-21,https://3000-c0061345-1902-4c68-8583-822532c42438.ws-ap0.gitpod.io,1
2019-10-21,https://upbeat-stonebraker-f2fd32.netlify.com,1
2019-10-21,https://cranky-pike-399f2e.netlify.com,1
2019-10-21,https://quirky-mcclintock-e6a0a7.netlify.com,1
2019-10-21,https://hungry-liskov-cc96d8.netlify.com,1
2019-10-21,https://laughing-kilby-c63114.netlify.com,1
2019-10-21,http://humans.name,1
2019-10-21,https://18.222.91.187:8012,1
2019-10-21,https://cocky-kepler-6cfe0b.netlify.com,1
2019-10-21,https://kind-hermann-d712d6.netlify.com,1
2019-10-21,https://5d0d1164f9aa8c0009657ad1--flamboyant-montalcini-c6aae8.netlify.com,1
2019-10-21,http://7f5aa0eb.ngrok.io,1
2019-10-21,https://deploy-preview-66--envelop-web.netlify.com,1
2019-10-21,https://mystifying-hugle-0685a9.netlify.com,1
2019-10-21,https://priceless-noyce-5b2a91.netlify.com,1
2019-10-21,https://dshare-blockstack.herokuapp.com/,1
2019-10-21,https://qulstamp-iatanajode.now.sh,1
2019-10-21,https://d1ae800c.ngrok.io,1
2019-10-21,https://awesome-kowalevski-58e42f.netlify.com,1
2019-10-21,https://heuristic-franklin-f1ad06.netlify.com,1
2019-10-21,https://5d372116fe86c30007043dff--blissful-tesla-369353.netlify.com,1
2019-10-21,https://kind-stonebraker-397032.netlify.com,1
2019-10-21,https://xor-gtauxdubln.now.sh,1
2019-10-21,https://ecstatic-goldberg-0fe36f.netlify.com,1
2019-10-21,https://profile8.netlify.com,1
2019-10-21,http://127.0.0.1:27180,1
2019-10-21,https://relaxed-borg-bb8a6b.netlify.com,1
2019-10-21,https://blissful-davinci-eda8db.netlify.com,1
2019-10-21,http://127.0.0.1:45733,1
2019-10-21,https://tender-hypatia-da2646.netlify.com,1
2019-10-21,https://condescending-curie-b23195.netlify.com,1
2019-10-21,https://5d0e5fe473b581ea82bdad70--notit.netlify.com,1
2019-10-21,https://trusting-jepsen-2d4e16.netlify.com,1
2019-10-21,https://confident-mayer-136514.netlify.com,1
2019-10-21,https://pedantic-keller-f32160.netlify.com,1
2019-10-21,https://pressuredev.carolkng.com,1
2019-10-21,https://hungry-wright-08dca3.netlify.com,1
2019-10-21,http://192.168.130.37:3000,1
2019-10-21,https://tokengazer.com,1
2019-10-21,https://5c5e06dc03cfb90008316894--priceless-raman-53e2a8.netlify.com,1
2019-10-21,https://upbeat-shannon-273936.netlify.com,1
2019-10-21,https://5d1bb55d339bfc000853894a--block-photos.netlify.com,1
2019-10-21,https://banter-radiks-staging-pr-19.herokuapp.com,1
2019-10-21,https://deploy-preview-23--flamboyant-montalcini-c6aae8.netlify.com,1
2019-10-21,https://dev--w3b3-26bcfc.netlify.com,1
2019-10-21,https://5d816fc3cfa6c10635dd8521--dappity-mvp.netlify.com,1
2019-10-21,http://tribe-chat.herokuapp.com,1
2019-10-21,https://5c5f6d3f8864270008ab228b--priceless-raman-53e2a8.netlify.com,1
2019-10-21,https://sad-khorana-87bc92.netlify.com,1
2019-10-21,https://affectionate-clarke-d65d70.netlify.com,1
2019-10-21,https://192.168.0.24:8080,1
2019-10-21,https://gifted-feynman-444f90.netlify.com,1
2019-10-21,https://voetjobs.eu,1
2019-10-21,https://silly-hodgkin-426a06.netlify.com,1
2019-10-21,https://scoge-agent.herokuapp.com,1
2019-10-21,https://5d0d1c3432ae800008b5232b--flamboyant-montalcini-c6aae8.netlify.com,1
2019-10-21,https://animal-kingdoms.netlify.com,1
2019-10-21,https://gifted-kowalevski-26ae45.netlify.com,1
2019-10-21,https://quizzical-nightingale-c958af.netlify.com,1
2019-10-21,https://staging--friendly-hoover-6d2b94.netlify.com,1
2019-10-21,https://adoring-newton-494f04.netlify.com,1
2019-10-21,https://gracious-curran-893dfa.netlify.com,1
2019-10-21,https://piklink-develop.netlify.com,1
2019-10-21,https://www.charlie-allison.com,1
2019-10-21,https://dreamy-edison-0a9b55.netlify.com,1
2019-10-21,https://5c6a3f6e49cd4d0007d290f5--priceless-raman-53e2a8.netlify.com,1
2019-10-21,https://vibrant-mestorf-c07df8.netlify.com,1
2019-10-21,https://www.tokengazer.com,1
2019-10-21,https://happy-hermann-b1ecb6.netlify.com,1
2019-10-21,https://benison.xyz,1
2019-10-21,https://determined-hermann-48103a.netlify.com,1
2019-10-21,https://hopeful-blackwell-a3f249.netlify.com,1
2019-10-21,https://deploy-preview-69--envelop-web.netlify.com,1
2019-10-21,https://gallant-hoover-7738c5.netlify.com,1
2019-10-21,https://5d5f7246c5bf2b00075d2a03--brave-ride-7cade6.netlify.com,1
2019-10-21,https://nostalgic-dijkstra-f9758d.netlify.com,1
2019-10-21,https://wonderful-beaver-325c6f.netlify.com,1
2019-10-21,https://brave-lumiere-27e09d.netlify.com,1
2019-10-21,https://banter-radiks-staging-pr-30.herokuapp.com,1
2019-10-21,https://v1.unpublished.app,1
2019-10-21,https://cranky-spence-eef5f8.netlify.com,1
2019-10-21,https://simple-pwa-1.firebaseapp.com,1
2019-10-21,https://5d9faa44dcd9c90009dc3a45--dcrypt.netlify.com,1
2019-10-21,http://192.168.114.5:8080,1
2019-10-21,https://pedantic-lamport-771322.netlify.com,1
2019-10-21,https://b5425d9a.ngrok.io,1
2019-10-21,https://5d02bd2d4f6f310009bfc1a7--block-photos.netlify.com,1
2019-10-21,https://dazzling-mclean-3dd6e2.netlify.com,1
2019-10-21,https://deploy-preview-54--envelop-web.netlify.com,1
2019-10-21,https://www.relayable.io,1
2019-10-21,https://deploy-preview-51--goofy-meitner-6b8e73.netlify.com,1
2019-10-21,https://musing-allen-c4cbd0.netlify.com,1
2019-10-21,https://frosty-mayer-bdf38a.netlify.com,1
2019-10-21,https://laughing-goldstine-172136.netlify.com,1
2019-10-21,https://deploy-preview-10--flamboyant-montalcini-c6aae8.netlify.com,1
2019-10-21,https://wonderful-dijkstra-e4666b.netlify.com,1
2019-10-21,https://cranky-johnson-2c97c4.netlify.com,1
2019-10-21,https://eloquent-kepler-13171c.netlify.com,1
2019-10-21,https://elated-archimedes-3266a0.netlify.com,1
2019-10-21,https://deploy-preview-14--blissful-tesla-369353.netlify.com,1
2019-10-21,http://18.136.106.179:5000,1
2019-10-21,https://mystifying-wiles-555dcb.netlify.com,1
2019-10-21,https://quizzical-williams-8ac1c7.netlify.com,1
2019-10-21,http://mbusa-blockstack.ngrok.io,1
2019-10-21,https://friendly-noyce-c683b4.netlify.com,1
2019-10-21,https://animal-kingdom.netlify.com,1
2019-10-21,https://5d5a12b0df1af100081badf3--boto-staging.netlify.com,1
2019-10-21,https://broadstack.azurewebsites.net,1
2019-10-21,http://169.254.204.120:3000,1
2019-10-21,https://deploy-preview-51--stoic-pare-596843.netlify.com,1
2019-10-21,https://safenotes.runkodapps.com,1
2019-10-21,https://omar-okla-blockstack-animalkingdom.netlify.com,1
2019-10-21,http://192.168.1.105:3000,1
2019-10-21,https://9054aedc.ngrok.io,1
2019-10-21,https://dapptest.netlify.com,1
2019-10-21,https://jgzamzam.netlify.com,1
2019-10-21,https://bitutopian.com,1
2019-10-21,https://youthful-goldwasser-4456b8.netlify.com,1
2019-10-21,https://zen-yonath-540268.netlify.com,1
2019-10-21,https://cocky-jang-af313d.netlify.com,1
2019-10-21,https://rorysanimalkingdoms.netlify.com,1
2019-10-21,https://silly-keller-be9d38.netlify.com,1
2019-10-21,https://cant-be-evil--w3b3-26bcfc.netlify.com,1
2019-10-21,https://wizardly-roentgen-791914.netlify.com,1
2019-10-21,https://keeperprofiles-prod.appspot.com,1
2019-10-21,http://9e110ec9.ngrok.io,1
2019-10-21,https://hopeful-jang-c9ce1c.netlify.com,1
2019-10-21,https://drawio.z13.web.core.windows.net,1
2019-10-21,https://xenodochial-gates-9c514b.netlify.com,1
2019-10-21,https://vedicastrology.netlify.com,1
2019-10-21,https://angry-hamilton-cc3d71.netlify.com,1
2019-10-21,https://upbeat-dijkstra-7ac114.netlify.com,1
2019-10-21,https://joshuaclarkwmtp.bitbucket.io,1
2019-10-21,https://deploy-preview-32--stoic-pare-596843.netlify.com,1
2019-10-21,https://snackchat-staging.herokuapp.com,1
2019-10-21,https://silly-joliot-e3dbed.netlify.com,1
2019-10-21,https://fupio-com.firebaseapp.com,1
2019-10-21,https://app.encryptmyphotos.com,1
2019-10-21,https://angry-jepsen-50bb19.netlify.com,1
2019-10-21,https://gracious-sammet-b53d26.netlify.com,1
2019-10-21,https://distracted-hugle-28c9b2.netlify.com,1
2019-10-21,"https://dev,aladinnetwork.org",1
2019-10-21,https://inspiring-kowalevski-8dba54.netlify.com,1
2019-10-21,https://photo-app.netlify.com,1
2019-10-21,http://www.test.stealthy.im.s3-website-us-west-2.amazonaws.com,1
2019-10-21,http://192.168.0.137:8080,1
2019-10-21,https://blockusign.co/,1
2019-10-21,https://health-chain.appspot.com,1
2019-10-21,https://sleepy-mcclintock-1ab7f8.netlify.com,1
2019-10-21,https://modest-leakey-3b0731.netlify.com,1
2019-10-21,https://suspicious-kirch-b647da.netlify.com,1
2019-10-21,http://192.168.86.124:3002,1
2019-10-21,https://dmyblog.azurewebsites.net,1
2019-10-21,http://yeslance.com,1
2019-10-21,https://test.unpublished.app,1
2019-10-21,https://5d822a99000fd99e8099f49a--inspiring-ptolemy-7fc271.netlify.com,1
2019-10-21,https://dapp.crosscheck.paradigma.global,1
2019-10-21,https://vigilant-leakey-b6cb14.netlify.com,1
2019-10-21,https://gallant-wescoff-d5e028.netlify.com,1
2019-10-21,https://musing-almeida-1046f1.netlify.com,1
2019-10-21,https://blockright-mgr.moochain.com,1
2019-10-21,https://zealous-cray-e48eb6.netlify.com,1
2019-10-21,https://deploy-preview-462--animalkingdoms.netlify.com,1
2019-10-21,https://185.85.16.242,1
2019-10-21,https://practical-saha-e1696e.netlify.com,1
2019-10-21,https://relaxed-albattani-59eaa5.netlify.com,1
2019-10-21,https://silly-clarke-a3f96f.netlify.com,1
2019-10-21,https://foodrover.netlify.com,1
2019-10-21,http://dev.clove.app,1
2019-10-21,https://elastic-ride-40df93.netlify.com,1
2019-10-21,https://cocky-lumiere-b6a632.netlify.com,1
2019-10-21,https://animodev.cf,1
2019-10-21,https://deploy-preview-33--envelop-web.netlify.com,1
2019-10-21,https://wonderful-noyce-e06ea4.netlify.com,1
2019-10-21,https://3000-f7f0bf56-062a-4125-8746-c60000f4517c.ws-ap0.gitpod.io,1
2019-10-21,http://192.168.68.84:3000,1
2019-10-21,https://cheesecake-mice.netlify.com,1
2019-10-21,https://angry-brown-2fbb9a.netlify.com,1
2019-10-21,https://deploy-preview-36--stoic-pare-596843.netlify.com,1
2019-10-21,https://www.splitmindstudios.com,1
2019-10-21,https://up.bloco.io,1
2019-10-21,https://www.test.stealthy.im,1
2019-10-21,https://blockstack.nitinkhanna.com,1
2019-10-21,https://greeninja.dynu.net,1
2019-10-21,https://zinc.work,1
2019-10-21,https://jolly-newton-fb6ca0.netlify.com,1
2019-10-21,https://540ed3b6.ngrok.io,1
2019-10-21,https://elastic-pike-f6a886.netlify.com,1
2019-10-21,https://competent-ramanujan-21dc0b.netlify.com,1
2019-10-21,https://5d4ce937098c528b50364eea--cafe-society-scratch.netlify.com,1
2019-10-21,https://nifty-hugle-ee0065.netlify.com,1
2019-10-21,https://2e5d98de.ngrok.io,1
2019-10-21,https://5d8167a8971f5f0183cc0c12--dcrypt.netlify.com,1
2019-10-21,https://sleepy-edison-00e58f.netlify.com,1
2019-10-21,https://talhasch-lander.glitch.me,1
2019-10-21,https://banter-radiks.herokuapp.com,1
2019-10-21,https://clove-app-flkvxkdndm.now.sh,1
2019-10-21,https://elated-sammet-6446f7.netlify.com,1
2019-10-21,https://blockusign.azurewebsites.net,1
2019-10-21,https://deploy-preview-35--envelop-web.netlify.com,1
2019-10-21,https://wage.netlify.com,1
2019-10-21,https://vigorous-brattain-301374.netlify.com,1
2019-10-21,https://festive-goldstine-7168c0.netlify.com,1
2019-10-21,https://5c40b0703ab7e400092a61eb--goofy-wiles-965268.netlify.com,1
2019-10-21,https://clever-einstein-7faae1.netlify.com,1
2019-10-21,https://banter-radiks-pr-17.herokuapp.com,1
2019-10-21,https://prosepaper.colorsleep.com,1
2019-10-21,https://www.linkpong.net,1
2019-10-21,http://127.0.0.1:44095,1
2019-10-21,https://5c5dfe0755719d0007a4b60e--priceless-raman-53e2a8.netlify.com,1
2019-10-21,https://banter-radiks-staging-pr-48.herokuapp.com,1
2019-10-21,https://blissful-ritchie-93c4b6.netlify.com,1
2019-10-21,https://animalkingdom.djnicholson.com,1
2019-10-21,https://5d0cf72b0f2c1c0008688476--flamboyant-montalcini-c6aae8.netlify.com,1
2019-10-21,https://note.riot.ai,1
2019-10-21,http://fcf832a0.ngrok.io,1
2019-10-21,https://ecstatic-payne-189012.netlify.com,1
2019-10-21,https://www.aodh.xyz,1
2019-10-21,https://piklink-staging.netlify.com,1
2019-10-21,https://www.detrade.me,1
2019-10-21,https://focused-payne-a74052.netlify.com,1
2019-10-21,https://festive-minsky-399ea0.netlify.com,1
2019-10-21,https://upbeat-swartz-1eda7d.netlify.com,1
2019-10-21,https://competent-ardinghelli-ba057e.netlify.com,1
2019-10-21,https://kind-brown-27b226.netlify.com,1
2019-10-21,https://tender-yalow-e16b4d.netlify.com,1
2019-10-21,http://beta.fupio.com,1
2019-10-21,https://spa-mat-dbzurisyie.now.sh,1
2019-10-21,https://dailyme.ninja,1
2019-10-21,https://clove-app-xxlveldvjp.now.sh,1
2019-10-21,https://banter-radiks-staging-pr-21.herokuapp.com,1
2019-10-21,http://5694b2a3.ngrok.io,1
2019-10-21,https://stupefied-feynman-cb57b6.netlify.com,1
2019-10-21,https://eloquent-archimedes-fa0570.netlify.com,1
2019-10-21,https://5d4d00ebf0e7590008c7474f--cafe-society-develop.netlify.com,1
2019-10-21,https://www.bringyourown.id,1
2019-10-21,https://infallible-engelbart-80ca26.netlify.com,1
2019-10-21,https://wizardly-volhard-6eb234.netlify.com,1
2019-10-21,https://flamboyant-mcclintock-4de757.netlify.com,1
2019-10-21,https://6e5f4386.ngrok.io,1
2019-10-21,https://romantic-perlman-5483a9.netlify.com,1
2019-10-21,https://stoic-raman-89864e.netlify.com,1
2019-10-21,https://awesome-bartik-72cfe8.netlify.com,1
2019-10-21,https://dapp.aladinnetwork.org,1
2019-10-21,https://mypublickey.ngrok.io,1
2019-10-21,https://optimistic-kare-baec0e.netlify.com,1
2019-10-21,https://kind-hamilton-d33416.netlify.com,1
2019-10-21,https://deploy-preview-36--envelop-web.netlify.com,1
2019-10-21,https://nervous-nightingale-8054b6.netlify.com,1
2019-10-21,https://gracious-kare-365cd6.netlify.com,1
2019-10-21,https://deploy-preview-60--envelop-web.netlify.com,1
2019-10-21,https://deploy-preview-40--envelop-web.netlify.com,1
2019-10-21,https://upbeat-ardinghelli-6fc491.netlify.com,1
2019-10-21,https://sad-franklin-76643c.netlify.com,1
2019-10-21,http://stealthy.im,1
2019-10-21,https://master--w3b3-26bcfc.netlify.com,1
2019-10-21,https://softcover-f3y77h9qt.now.sh,1
2019-10-21,https://mystifying-hamilton-2ce7ad.netlify.com,1
2019-10-21,http://pedantic-babbage-073bfa.netlify.com,1
2019-10-21,https://5d55f7a57d980b000be8c7e4--cafe-society-news.netlify.com,1
2019-10-21,https://keen-fermi-c1e5f3.netlify.com,1
2019-10-21,https://5d0c3332fee8cf0008c92d43--flamboyant-montalcini-c6aae8.netlify.com,1
2019-10-21,https://onedate.now.sh,1
2019-10-21,https://1f9a168f.ngrok.io,1
2019-10-21,https://5d856a06eb920e0181d1656b--dappity-mvp.netlify.com,1
2019-10-21,https://brave-poincare-304966.netlify.com,1
2019-10-21,https://5c5df82655719d0007a4a9eb--priceless-raman-53e2a8.netlify.com,1
2019-10-21,https://e1006b6e.ngrok.io,1
2019-10-21,https://quirky-chandrasekhar-cfb8e0.netlify.com,1
2019-10-21,http://serene-hamilton-56e88e.netlify.com,1
2019-10-21,https://5d4ae24c3cedaef12365a9c0--mailr.netlify.com,1
2019-10-21,https://jolly-perlman-adcd2b.netlify.com,1
2019-10-21,https://priceless-darwin-73bdf1.netlify.com,1
2019-10-21,http://ee5557cb.ngrok.io,1
2019-10-21,https://mailr.netlify.com,1
2019-10-21,http://dev.qulstamp.com:5000,1
2019-10-21,http://35.231.45.59:1800,1
2019-10-21,https://deploy-preview-28--stoic-pare-596843.netlify.com,1
2019-10-21,https://mapped-2d466.firebaseapp.com,1
2019-10-21,https://xenodochial-goldberg-1bc549.netlify.com,1
2019-10-21,https://goofy-yalow-a092bc.netlify.com,1
2019-10-21,https://trusting-blackwell-5c2631.netlify.com,1
2019-10-21,http://66.155.106.108,1
2019-10-21,http://coet.local.com,1
2019-10-21,https://deploy-preview-50--stoic-pare-596843.netlify.com,1
2019-10-21,https://adoring-davinci-3e53eb.netlify.com,1
2019-10-21,http://66.155.106.108:8083,1
2019-10-21,https://hardcore-boyd-c8f471.netlify.com,1
2019-10-21,https://cafe-society-develop.netlify.com,1
2019-10-21,https://peaceful-mclean-376087.netlify.com,1
2019-10-21,https://5c5e0a743c720f00085db898--priceless-raman-53e2a8.netlify.com,1
2019-10-21,https://pedantic-pike-2d7e57.netlify.com,1
2019-10-21,https://5c5e451e75652c000864c337--priceless-raman-53e2a8.netlify.com,1
2019-10-21,https://deploy-preview-49--envelop-web.netlify.com,1
2019-10-21,http://127.0.0.1:8080/home,1
2019-10-21,https://laughing-elion-5d1a8e.netlify.com,1
2019-10-21,https://deploy-preview-14--priceless-raman-53e2a8.netlify.com,1
2019-10-21,https://5c6b0c3a2c38be0008182009--priceless-raman-53e2a8.netlify.com,1
2019-10-21,https://5c6b0f9bcc2dd40008c67177--priceless-raman-53e2a8.netlify.com,1
2019-10-21,https://blokckchainserviceapp.netlify.com,1
2019-10-21,https://priceless-villani-361d65.netlify.com,1
2019-10-21,https://5c6a46485463d50009952472--priceless-raman-53e2a8.netlify.com,1
2019-10-21,https://job-hunt-prod.herokuapp.com,1
2019-10-21,https://desktop-webflow--w3b3-26bcfc.netlify.com,1
2019-10-21,https://trusting-hugle-3d675e.netlify.com,1
2019-10-21,https://flamboyant-curran-8bb769.netlify.com,1
2019-10-21,https://6c3974c9.ngrok.io,1
2019-10-21,https://sad-jennings-01cb41.netlify.com,1
2019-10-21,https://5cb629cc1d14790c5a388a97--stoic-pare-596843.netlify.com,1
2019-10-21,https://focused-heyrovsky-50807d.netlify.com,1
2019-10-21,https://naughty-bose-b2eb05.netlify.com,1
2019-10-21,https://contactfaves--w3b3-26bcfc.netlify.com,1
2019-10-21,https://pedantic-shannon-030ead.netlify.com,1
2019-10-21,https://develop--w3b3-26bcfc.netlify.com,1
2019-10-21,http://transit8.com,1
2019-10-21,https://lucid-mccarthy-b59d1b.netlify.com,1
2019-10-21,https://focused-hopper-480e75.netlify.com,1
2019-10-21,https://wizardly-wiles-125c49.netlify.com,1
2019-10-21,http://fupio.surge.sh,1
2019-10-21,https://pre-kingdom-336989.netlify.com,1
2019-10-21,https://xorchat-ad0c1.firebaseapp.com,1
2019-10-21,https://brave-mahavira-d8b9c3.netlify.com,1
2019-10-21,https://spa-mat-yuhtmgsjzi.now.sh,1
2019-10-21,https://relaxed-volhard-3b5598.netlify.com,1
2019-10-21,https://micasaestucasa.ipc.now.sh,1
2019-10-21,https://fervent-minsky-cd3cf9.netlify.com,1
2019-10-21,https://2e3eafe8.ngrok.io,1
2019-10-21,https://banter-radiks-staging-pr-39.herokuapp.com,1
2019-10-21,https://ecstatic-villani-53a36d.netlify.com,1
2019-10-21,https://www.emilytlam.com,1
2019-10-21,https://musing-bassi-80f714.netlify.com,1
2019-10-21,http://7671a62b.ngrok.io,1
2019-10-21,https://5d9dd629494cba2bc4b14400--atomichabits.netlify.com,1
2019-10-21,https://compassionate-heyrovsky-c539c0.netlify.com,1
2019-10-21,http://cet.duckdns.org:5000,1
2019-10-21,http://simplecoin.local,1
2019-10-21,https://my1stblckapp.netlify.com,1
2019-10-21,http://www.test.stealthy.im,1
2019-10-21,https://suspicious-lichterman-145b39.netlify.com,1
2019-10-21,https://sleepy-chandrasekhar-f3beb4.netlify.com,1
2019-10-21,https://5c6a31c57cf4c1000bf8b8e8--priceless-raman-53e2a8.netlify.com,1
2019-10-21,https://www.postly.co,1
2019-10-21,https://elastic-wing-d76b60.netlify.com,1
2019-10-21,http://chat.postly.co,1
2019-10-21,https://5d8410e46e864981d9077d44--dappity-mvp.netlify.com,1
2019-10-21,https://5cbdc2511a74500007af4367--sigle-app.netlify.com,1
2019-10-21,https://block.iwanether.now.sh,1
2019-10-21,http://staging.keeperprofiles.appspot.com,1
2019-10-21,https://kind-hypatia-5d71d5.netlify.com,1
2019-10-21,https://paidapp-nfuxyavd3.now.sh,1
2019-10-21,https://dreamy-noether-0952b6.netlify.com,1
2019-10-21,https://5d82651c28d7c5dd7fe7f785--dappity-mvp.netlify.com,1
2019-10-21,https://blocksignal.netlify.com,1
2019-10-21,https://stoic-goldberg-0d69f0.netlify.com,1
2019-10-21,https://eloquent-lovelace-b148f0.netlify.com,1
2019-10-21,https://dazzling-benz-e9613a.netlify.com,1
2019-10-21,https://competent-clarke-7f7d25.netlify.com,1
2019-10-21,http://0.0.0.0,1
2019-10-21,https://romantic-torvalds-de7fcd.netlify.com,1
2019-10-21,https://optimistic-kepler-bb37b2.netlify.com,1
2019-10-21,https://deploy-preview-3--keen-jepsen-97a1ff.netlify.com,1
2019-10-21,https://lucid-kowalevski-c1daf9.netlify.com/,1
2019-10-21,https://pensive-minsky-219201.netlify.com,1
2019-10-21,https://inspiring-ritchie-b8edfa.netlify.com,1
2019-10-21,https://stupefied-bartik-8d34c1.netlify.com,1
2019-10-21,https://awesome-bartik-bf5008.netlify.com,1
2019-10-21,https://5d4daeb6d41f1e0008a33c7e--envelop-web.netlify.com,1
2019-10-21,http://aodh.xyz,1
2019-10-21,https://eager-hawking-21b2a3.netlify.com,1
2019-10-21,https://5cfa4c8eab7e6502022b49d7--stoic-tereshkova-d0d003.netlify.com,1
2019-10-21,https://10.244.34.11:3010,1
2019-10-21,https://deploy-preview-21--stoic-pare-596843.netlify.com,1
2019-10-21,http://dev.qulstamp.com:8000,1
2019-10-21,https://clever-aryabhata-f33897.netlify.com,1
2019-10-21,https://agitated-murdock-94c131.netlify.com,1
2019-10-21,https://ajithanand.netlify.com,1
2019-10-21,https://awesome-goldberg-dfb7f2.netlify.com,1
2019-10-21,http://0.0.0.0:3000,1
2019-10-21,https://xenodochial-perlman-eda622.netlify.com,1
2019-10-21,https://deploy-preview-61--stoic-pare-596843.netlify.com,1
2019-10-21,https://softcover.msfeldstein.now.sh,1
2019-10-21,https://5d3719241500850009904eb2--blissful-tesla-369353.netlify.com,1
2019-10-21,https://sleepy-franklin-47a2e6.netlify.com,1
2019-10-21,https://deploy-preview-7--flamboyant-montalcini-c6aae8.netlify.com,1
2019-10-21,https://5d69ad2ce2f36f000946bca9--blissful-tesla-369353.netlify.com,1
2019-10-21,https://brave-agnesi-fc7d2b.netlify.com,1
2019-10-21,https://cura.tion.to,1
2019-10-21,https://7b515cde.ngrok.io,1
2019-10-21,https://b190090e.ngrok.io,1
2019-10-21,https://animal-kingdom-master.ahmedbelhadj.now.sh,1
2019-10-21,https://animal-kingdom.now.sh,1
2019-10-21,https://aj1031-blockstack-animal-kingdom.netlify.com,1
2019-10-21,https://jovial-bassi-d148b3.netlify.com,1
2019-10-21,https://b08b1bb6.ngrok.io,1
2019-10-21,https://angry-jennings-ec278d.netlify.com,1
2019-10-21,https://3bddf77f.ngrok.io,1
2019-10-21,https://infallible-yonath-01854f.netlify.com,1
2019-10-21,https://pedantic-nobel-465248.netlify.com,1
2019-10-21,https://8islxuhlnb.execute-api.us-west-2.amazonaws.com,1
2019-10-21,https://pensive-raman-fd2bbf.netlify.com,1
2019-10-21,https://affectionate-jang-749b1b.netlify.com,1
2019-10-21,https://app.block-photos.com,1
2019-10-21,https://sopinka.ngrok.io,1
2019-10-21,https://5d991865d64adcb4a911d0a5--dappity-mvp.netlify.com,1
2019-10-21,https://raquels-animal-kingdom.netlify.com,1
2019-10-21,https://elegant-ardinghelli-75ae9a.netlify.com,1
2019-10-21,https://confident-curran-bc4f99.netlify.com,1
2019-10-21,https://infallible-thompson-eb3211.netlify.com,1
2019-10-21,https://thirsty-kepler-7d0fbe.netlify.com,1
2019-10-21,https://5d192cca9afabd00081447b9--elastic-borg-1a7142.netlify.com,1
2019-10-21,https://blissful-kilby-3b51f5.netlify.com,1
2019-10-21,https://keen-feynman-e9f2e4.netlify.com,1
2019-10-21,https://clever-darwin-6c93cc.netlify.com,1
2019-10-21,https://deploy-preview-29--stoic-pare-596843.netlify.com,1
2019-10-21,https://sharp-archimedes-6db7ca.netlify.com,1
2019-10-21,https://kingdom.armujahid.me,1
2019-10-21,https://5cfa558c70f9c300077b4a9d--stoic-tereshkova-d0d003.netlify.com,1
2019-10-21,https://www.qindredseek.com,1
2019-10-21,https://stoic-tereshkova-d0d003.netlify.com,1
2019-10-21,https://adoring-cori-b49466.netlify.com,1
2019-10-21,https://5d1628e7b51630000880f2a7--envelop-web.netlify.com,1
2019-10-21,http://publish2-dev.aws.mbusa.com:4503,1
2019-10-21,https://pensive-franklin-722e41.netlify.com,1
2019-10-21,https://stoic-leavitt-d86356.netlify.com,1
2019-10-21,https://brave-wilson-8b6dc3.netlify.com,1
2019-10-21,https://suspicious-heisenberg-ef115b.netlify.com,1
2019-10-21,https://brave-torvalds-530c16.netlify.com,1
2019-10-21,https://cineflick-frontend-dot-cineflick.appspot.com,1
2019-10-21,https://torrentsearchninja.com,1
2019-10-21,https://dmyblog.co,1
2019-10-21,https://musing-meninsky-d4178e.netlify.com,1
2019-10-21,https://jovial-yalow-ca8e60.netlify.com,1
2019-10-21,https://upbeat-montalcini-646401.netlify.com,1
2019-10-21,https://5d6ae97a1cff21370309f858--amazing-varahamihira-7f2841.netlify.com,1
2019-10-21,https://nervous-beaver-d0848d.netlify.com,1
2019-10-21,https://amazing-varahamihira-7f2841.netlify.com,1
2019-10-21,https://localblockstack.net,1
2019-10-21,https://pensive-swirles-b2da89.netlify.com,1
2019-10-21,https://pedantic-babbage-073bfa.netlify.com,1
2019-10-21,https://www.keeperprofiles.appspot.com,1
2019-10-21,https://animal-kingdom-bv.netlify.com,1
2019-10-21,http://192.168.137.130:3000,1
2019-10-21,https://elegant-ride-a80816.netlify.com,1
2019-10-21,https://xenodochial-hodgkin-c6ddc8.netlify.com,1
2019-10-21,https://5c406bc0ce8674270dc6c880--charlie-allison.netlify.com,1
2019-10-21,https://thought-flow-a912cd.netlify.live,1
2019-10-21,https://flamboyant-bhaskara-173188.netlify.com,1
2019-10-21,https://loving-wing-2bebe3.netlify.com,1
2019-10-21,https://kind-mccarthy-fd123f.netlify.com,1
2019-10-21,https://creabook-70013.firebaseapp.com,1
2019-10-21,https://c950dfbb.ngrok.io,1
2019-10-21,https://nervous-shirley-f86e21.netlify.com,1
2019-10-21,https://romantic-wright-331655.netlify.com,1
2019-10-21,https://4d2381e2.ngrok.io,1
2019-10-21,https://10.0.10.45:8080,1
2019-10-21,http://blockstack-animal-kingdom.surge.sh,1
2019-10-21,https://192.168.1.7:8080,1
2019-10-21,https://focused-morse-beab6b.netlify.com,1
2019-10-21,https://nifty-austin-b82aad.netlify.com,1
2019-10-21,https://wizardly-lewin-bcb5f5.netlify.com,1
2019-10-21,https://lucid-newton-6118c1.netlify.com,1
2019-10-21,https://zealous-nightingale-8d6b51.netlify.com,1
2019-10-21,https://animal-kingdom-test-by-codelaryna.netlify.com,1
2019-10-21,https://65839ec8.ngrok.io,1
2019-10-21,https://animal-kingdom-by-codelaryna.netlify.com,1
2019-10-21,https://react-blockstack.cosminp9.now.sh,1

